Date,Open,High,Low,Close,Volume,OpenInt
1995-01-03,4.8033,4.8033,4.7665,4.8033,1077103,0
1995-01-04,4.7939,4.8306,4.7665,4.8033,769610,0
1995-01-05,4.8033,4.8217,4.7665,4.7665,541815,0
1995-01-06,4.7665,4.8033,4.7573,4.8033,357147,0
1995-01-09,4.7939,4.8306,4.7847,4.8217,662901,0
1995-01-10,4.8401,4.9317,4.8306,4.9044,1096702,0
1995-01-11,4.9044,4.9317,4.8676,4.9044,1313602,0
1995-01-12,4.9227,5.0696,4.9044,5.0602,2038346,0
1995-01-13,5.088,5.1246,5.0513,5.0602,3215191,0
1995-01-16,5.0602,5.1338,5.0602,5.1338,2120668,0
1995-01-17,5.1157,5.1338,5.0969,5.1338,726051,0
1995-01-18,5.1338,5.1706,5.1157,5.1706,834069,0
1995-01-19,5.1613,5.1706,5.1157,5.1246,1558381,0
1995-01-20,5.1157,5.1157,5.0602,5.0602,1002624,0
1995-01-23,5.0419,5.0419,4.9777,5.0239,1209071,0
1995-01-24,5.0239,5.0419,4.9777,4.9777,809677,0
1995-01-25,4.9501,5.0787,4.9501,5.0602,1812302,0
1995-01-26,5.0513,5.0513,4.9869,5.0419,532669,0
1995-01-27,5.0602,5.1157,5.0513,5.1061,627185,0
1995-01-30,5.1061,5.1246,5.088,5.088,633718,0
1995-01-31,5.1061,5.1246,5.0602,5.1061,687291,0
1995-02-01,5.1157,5.1157,5.0513,5.0513,983461,0
1995-02-02,5.0602,5.0787,5.0419,5.0787,504362,0
1995-02-03,5.1427,5.2349,5.1157,5.2075,3028341,0
1995-02-06,5.2349,5.3542,5.2349,5.3361,2709524,0
1995-02-07,5.3542,5.4367,5.3542,5.4093,3254393,0
1995-02-08,5.4093,5.4734,5.4001,5.4644,3530528,0
1995-02-09,5.4555,5.4734,5.4555,5.4644,1641568,0
1995-02-10,5.4644,5.5011,5.4555,5.4734,1620662,0
1995-02-13,5.4734,5.4734,5.4644,5.4734,823181,0
1995-02-14,5.4921,5.5196,5.3909,5.4001,1291827,0
1995-02-15,5.3542,5.3635,5.2623,5.3361,1949933,0
1995-02-16,5.3082,5.3635,5.2992,5.3635,1133722,0
1995-02-17,5.3542,5.3726,5.3542,5.3542,1380243,0
1995-02-21,5.3542,5.3909,5.3542,5.3635,1198184,0
1995-02-22,5.3635,5.5285,5.3542,5.4734,2782697,0
1995-02-23,5.4644,5.5011,5.4555,5.4734,1151581,0
1995-02-24,5.4734,5.547,5.4734,5.5196,2318842,0
1995-02-27,5.5011,5.5196,5.4921,5.4921,1099751,0
1995-02-28,5.4921,5.547,5.4921,5.547,1212127,0
1995-03-01,5.5196,5.5928,5.5196,5.5656,2270932,0
1995-03-02,5.5928,5.6573,5.5656,5.6479,3137229,0
1995-03-03,5.6479,5.7765,5.5841,5.5928,3639849,0
1995-03-06,5.5841,5.5928,5.5011,5.5928,1562297,0
1995-03-07,5.6115,5.6115,5.4734,5.4734,1087988,0
1995-03-08,5.4921,5.5656,5.4921,5.547,672917,0
1995-03-09,5.547,5.5562,5.5011,5.5285,1003495,0
1995-03-10,5.5562,5.6941,5.547,5.6668,1637649,0
1995-03-13,5.6845,5.6941,5.6573,5.6573,580580,0
1995-03-14,5.6845,5.7675,5.6668,5.7491,1283985,0
1995-03-15,5.7675,5.7858,5.7491,5.7491,2773984,0
1995-03-16,5.7675,5.8227,5.7491,5.8041,1460817,0
1995-03-17,5.8132,5.8132,5.7765,5.8041,1878502,0
1995-03-20,5.7858,5.8041,5.7122,5.7216,1687735,0
1995-03-21,5.6941,5.7675,5.6573,5.6941,1426407,0
1995-03-22,5.6845,5.7858,5.6668,5.7765,1875020,0
1995-03-23,5.7675,5.7858,5.7216,5.7491,2031381,0
1995-03-24,5.7675,5.8041,5.7675,5.7765,2721282,0
1995-03-27,5.7765,5.8041,5.7675,5.8041,806190,0
1995-03-28,5.8041,5.896,5.7858,5.8777,849749,0
1995-03-29,5.8227,5.9052,5.8227,5.8593,1688609,0
1995-03-30,5.896,5.896,5.8501,5.8593,1013077,0
1995-03-31,5.8593,5.8777,5.841,5.8777,1561866,0
1995-04-03,5.8593,5.9968,5.8593,5.9968,2146800,0
1995-04-04,6.0155,6.0705,6.0155,6.043,1575366,0
1995-04-05,6.043,6.0705,6.0338,6.0611,2338873,0
1995-04-06,6.0611,6.0797,6.043,6.043,1330590,0
1995-04-07,6.043,6.0611,6.0155,6.0338,1554021,0
1995-04-10,6.0063,6.0797,6.0063,6.0705,1253062,0
1995-04-11,6.0705,6.0797,6.0338,6.0338,1678588,0
1995-04-12,6.0338,6.0705,6.0063,6.0611,1451671,0
1995-04-13,6.0705,6.0705,6.0063,6.0063,694698,0
1995-04-17,6.0063,6.0155,5.9327,5.9603,1323184,0
1995-04-18,5.9603,6.0063,5.9327,5.9419,1911606,0
1995-04-19,5.9419,5.9695,5.841,5.8593,3290105,0
1995-04-20,5.8593,5.8593,5.5656,5.6206,6642497,0
1995-04-21,5.6941,5.896,5.6941,5.8501,3867639,0
1995-04-24,5.8593,5.9787,5.8593,5.9603,4593690,0
1995-04-25,5.9787,5.9787,5.9145,5.9787,2180341,0
1995-04-26,5.9603,6.0525,5.9603,6.043,1195571,0
1995-04-27,6.0338,6.0525,5.9603,5.988,1862828,0
1995-04-28,6.043,6.0705,5.9237,5.9514,1545748,0
1995-05-01,5.9237,6.0063,5.9145,5.9327,1452979,0
1995-05-02,5.9327,5.9514,5.8869,5.896,722567,0
1995-05-03,5.9145,5.9787,5.9145,5.9787,1278761,0
1995-05-04,6.0155,6.0797,5.988,6.0525,1250013,0
1995-05-05,6.0889,6.1441,6.0525,6.1164,1590174,0
1995-05-08,6.1349,6.2909,6.1349,6.2359,3058396,0
1995-05-09,6.2359,6.2451,6.1899,6.1994,1298359,0
1995-05-10,6.1899,6.2359,6.1899,6.1994,1234334,0
1995-05-11,6.2267,6.2724,6.2267,6.2359,1307506,0
1995-05-12,6.2451,6.2451,6.2359,6.2451,1821887,0
1995-05-15,6.2359,6.2909,6.2359,6.2909,684675,0
1995-05-16,6.2909,6.2909,6.1994,6.2081,1323184,0
1995-05-17,6.2081,6.2724,6.1994,6.2451,2943847,0
1995-05-18,6.2267,6.2267,6.1623,6.1716,1493485,0
1995-05-19,6.1716,6.1994,6.1349,6.1716,1205150,0
1995-05-22,6.1716,6.2451,6.1623,6.2359,955585,0
1995-05-23,6.2451,6.2724,6.2267,6.2451,1609773,0
1995-05-24,6.2634,6.346,6.2451,6.3186,1292261,0
1995-05-25,6.3003,6.328,6.2267,6.2267,3279654,0
1995-05-26,6.2267,6.2267,6.1441,6.1623,1071436,0
1995-05-30,6.1623,6.1716,6.0889,6.1164,864992,0
1995-05-31,6.1441,6.2267,6.1349,6.2267,1780073,0
1995-06-01,6.2451,6.2451,6.1899,6.2267,1395048,0
1995-06-02,6.2267,6.2724,6.1899,6.2451,3159438,0
1995-06-05,6.2724,6.2909,6.2359,6.2634,2757001,0
1995-06-06,6.2451,6.2724,6.2267,6.2724,1985648,0
1995-06-07,6.2634,6.2724,6.2359,6.2451,1090606,0
1995-06-08,6.3186,6.4746,6.3186,6.447,5682553,0
1995-06-09,6.4195,6.4288,6.2724,6.3186,1747406,0
1995-06-12,6.346,6.3551,6.328,6.328,735635,0
1995-06-13,6.3551,6.4564,6.3551,6.447,2392446,0
1995-06-14,6.447,6.4839,6.4288,6.4746,2098454,0
1995-06-15,6.4746,6.5389,6.4746,6.4746,1888521,0
1995-06-16,6.4839,6.4839,6.447,6.4564,1796187,0
1995-06-19,6.4564,6.5114,6.4564,6.4839,1787038,0
1995-06-20,6.5022,6.5022,6.401,6.4746,2098454,0
1995-06-21,6.5022,6.6306,6.4746,6.6306,3176865,0
1995-06-22,6.6306,6.7043,6.6127,6.7043,2526157,0
1995-06-23,6.6859,6.6859,6.6032,6.6127,1376320,0
1995-06-26,6.6127,6.6127,6.4746,6.4746,881541,0
1995-06-27,6.5022,6.5022,6.4195,6.4195,1484771,0
1995-06-28,6.401,6.6127,6.401,6.6127,2371542,0
1995-06-29,6.5848,6.6032,6.5022,6.5389,1209944,0
1995-06-30,6.5114,6.6306,6.4839,6.5663,1558817,0
1995-07-03,6.5663,6.5759,6.5297,6.5481,262197,0
1995-07-05,6.5297,6.5848,6.5022,6.5114,824920,0
1995-07-06,6.5022,6.6402,6.5022,6.6402,1530942,0
1995-07-07,6.6306,6.7318,6.6032,6.7043,1705593,0
1995-07-10,6.6859,6.7043,6.6583,6.6859,1043126,0
1995-07-11,6.6676,6.7225,6.6402,6.7043,1857597,0
1995-07-12,6.7778,6.7778,6.6583,6.7043,1604982,0
1995-07-13,6.7043,6.7225,6.5389,6.5759,1541391,0
1995-07-14,6.5759,6.5848,6.5297,6.5481,1911606,0
1995-07-17,6.5481,6.6583,6.4564,6.6127,957765,0
1995-07-18,6.6583,6.6676,6.5114,6.5114,1230853,0
1995-07-19,6.5389,6.5389,6.3003,6.401,1357156,0
1995-07-20,6.3828,6.3828,6.2909,6.3003,1044437,0
1995-07-21,6.3186,6.4288,6.2909,6.328,1712996,0
1995-07-24,6.2909,6.3828,6.2909,6.328,1309247,0
1995-07-25,6.3186,6.447,6.3186,6.447,2458653,0
1995-07-26,6.5297,6.5297,6.4746,6.5022,1774847,0
1995-07-27,6.5022,6.5759,6.4746,6.4746,2882870,0
1995-07-28,6.5759,6.6216,6.5297,6.5848,2690363,0
1995-07-31,6.594,6.6127,6.4929,6.5297,989122,0
1995-08-01,6.5848,6.5848,6.4746,6.5022,1109330,0
1995-08-02,6.5848,6.7136,6.5759,6.6768,3764415,0
1995-08-03,6.649,6.6583,6.594,6.6216,969958,0
1995-08-04,6.6216,6.649,6.594,6.6402,4539684,0
1995-08-07,6.6768,6.8236,6.6768,6.7961,1561866,0
1995-08-08,6.8143,6.8512,6.7043,6.7318,1378936,0
1995-08-09,6.7411,6.7411,6.594,6.6127,623701,0
1995-08-10,6.6127,6.6948,6.5848,6.6402,1408552,0
1995-08-11,6.649,6.649,6.5848,6.6127,2367186,0
1995-08-14,6.5571,6.5848,6.5481,6.5481,1255240,0
1995-08-15,6.5759,6.5759,6.5022,6.5759,1141127,0
1995-08-16,6.5571,6.5759,6.5206,6.5571,1193825,0
1995-08-17,6.5759,6.5759,6.5206,6.5206,805322,0
1995-08-18,6.5481,6.594,6.5206,6.594,670738,0
1995-08-21,6.6216,6.6583,6.594,6.6127,394167,0
1995-08-22,6.594,6.6216,6.5848,6.6127,415074,0
1995-08-23,6.6216,6.649,6.5848,6.5848,1145920,0
1995-08-24,6.5759,6.6402,6.5206,6.6127,989994,0
1995-08-25,6.649,6.7136,6.6402,6.7043,1794444,0
1995-08-28,6.7318,6.8143,6.7318,6.7778,1266130,0
1995-08-29,6.8143,6.9247,6.7778,6.9247,1575801,0
1995-08-30,6.9247,7.0719,6.8972,7.0719,4261805,0
1995-08-31,7.0719,7.2003,7.0167,7.2003,3187314,0
1995-09-01,7.1816,7.3378,7.1541,7.3195,2976949,0
1995-09-05,7.3195,7.3746,7.2736,7.3746,3846297,0
1995-09-06,7.3473,7.54,7.3195,7.4572,4513550,0
1995-09-07,7.4114,7.4665,7.4019,7.4298,2857609,0
1995-09-08,7.4019,7.4298,7.3933,7.4019,3578001,0
1995-09-11,7.4114,7.4114,7.3746,7.3933,1171615,0
1995-09-12,7.3933,7.4019,7.3473,7.4019,2271802,0
1995-09-13,7.3933,7.5584,7.3746,7.5491,2269187,0
1995-09-14,7.5491,7.5491,7.4019,7.494,1659425,0
1995-09-15,7.5124,7.5124,7.448,7.448,2010475,0
1995-09-18,7.4572,7.4572,7.3746,7.4114,2105860,0
1995-09-19,7.4019,7.4298,7.3378,7.4298,1846275,0
1995-09-20,7.4114,7.4298,7.3654,7.3746,1698625,0
1995-09-21,7.3654,7.3654,7.3013,7.3473,2200371,0
1995-09-22,7.3195,7.3473,7.2555,7.3473,1427714,0
1995-09-25,7.3473,7.4572,7.3378,7.4572,2259609,0
1995-09-26,7.448,7.4572,7.3746,7.4114,2467360,0
1995-09-27,7.4114,7.6134,7.3378,7.6043,3979576,0
1995-09-28,7.8614,7.9717,7.8247,7.8522,4664249,0
1995-09-29,7.8522,7.8522,7.7329,7.7515,2083211,0
1995-10-02,7.7604,7.7881,7.5216,7.54,2462135,0
1995-10-03,7.5216,7.5855,7.3933,7.5491,4495257,0
1995-10-04,7.5216,7.5769,7.5124,7.54,2822329,0
1995-10-05,7.54,7.6226,7.54,7.6043,994782,0
1995-10-06,7.6226,7.6409,7.5584,7.6409,1137207,0
1995-10-09,7.6134,7.6134,7.5216,7.5491,813161,0
1995-10-10,7.4665,7.5216,7.4572,7.4849,1015260,0
1995-10-11,7.4849,7.5124,7.4665,7.494,2331907,0
1995-10-12,7.494,7.494,7.4665,7.4665,1920315,0
1995-10-13,7.494,7.6596,7.494,7.5769,4628536,0
1995-10-16,7.6226,7.6409,7.5855,7.6226,2003941,0
1995-10-17,7.6043,7.6777,7.5855,7.6684,1730854,0
1995-10-18,7.6684,7.6777,7.6134,7.6596,1607162,0
1995-10-19,7.6596,7.6596,7.6043,7.6134,1177277,0
1995-10-20,7.6409,7.6596,7.5491,7.5855,1475190,0
1995-10-23,7.5769,7.5769,7.5216,7.5491,1421184,0
1995-10-24,7.5584,7.5769,7.3746,7.4019,1370660,0
1995-10-25,7.3565,7.3565,7.1453,7.3565,5518788,0
1995-10-26,7.329,7.3746,7.0898,7.237,2169449,0
1995-10-27,7.4391,7.4665,7.2736,7.3746,2967802,0
1995-10-30,7.4114,7.4849,7.4114,7.4849,3362407,0
1995-10-31,7.4849,7.5216,7.4665,7.5031,1590174,0
1995-11-01,7.5216,7.5855,7.5031,7.5855,2384605,0
1995-11-02,7.5951,7.6777,7.5951,7.6777,2509171,0
1995-11-03,7.6777,7.8522,7.6502,7.8522,3517459,0
1995-11-06,7.8891,8.0543,7.8891,8.0543,4344561,0
1995-11-07,7.9991,8.1186,7.8522,8.0176,5095003,0
1995-11-08,8.0634,8.1277,8.0176,8.0543,2978254,0
1995-11-09,8.0543,8.0543,7.9441,8.0084,1936868,0
1995-11-10,7.9991,7.9991,7.9072,7.9167,2888097,0
1995-11-13,7.9991,8.0634,7.9531,7.9808,5143348,0
1995-11-14,7.9717,7.9808,7.8522,7.88,1676412,0
1995-11-15,7.9072,7.9167,7.7787,7.8614,2013960,0
1995-11-16,7.88,7.9257,7.8704,7.9257,1814914,0
1995-11-17,7.9257,7.9441,7.7787,7.8247,2154638,0
1995-11-20,7.8522,7.8522,7.7056,7.7056,1577106,0
1995-11-21,7.6502,7.9072,7.6502,7.88,2179031,0
1995-11-22,7.9072,7.9441,7.8339,7.9257,1001315,0
1995-11-24,7.9441,7.9441,7.8891,7.9167,979104,0
1995-11-27,7.9257,8.0176,7.8891,8.0176,2886791,0
1995-11-28,8.0176,8.1005,7.9441,8.0912,2765710,0
1995-11-29,8.1277,8.1829,7.5584,7.6777,11842899,0
1995-11-30,7.7787,7.9167,7.6502,7.8247,6173847,0
1995-12-01,7.7971,7.8614,7.6869,7.7604,2191661,0
1995-12-04,7.7787,7.8339,7.6777,7.742,4645087,0
1995-12-05,7.6777,7.7604,7.6684,7.6777,1776590,0
1995-12-06,7.6869,7.742,7.6502,7.7056,2561003,0
1995-12-07,7.6684,7.6869,7.6226,7.6684,2035736,0
1995-12-08,7.6502,7.7329,7.5676,7.6318,1858471,0
1995-12-11,7.6318,7.6869,7.6318,7.6318,619779,0
1995-12-12,7.6318,7.6502,7.4757,7.5031,2834093,0
1995-12-13,7.4757,7.5031,7.246,7.246,5360684,0
1995-12-14,7.3013,7.4391,7.3013,7.4391,8587201,0
1995-12-15,7.5216,7.6226,7.5031,7.6134,5612864,0
1995-12-18,7.5951,7.5951,7.4757,7.5031,2277899,0
1995-12-19,7.4757,7.5216,7.4391,7.4849,2460828,0
1995-12-20,7.5216,7.6684,7.5216,7.6318,1605855,0
1995-12-21,7.6502,7.6777,7.6226,7.6318,1407682,0
1995-12-22,7.6318,7.7329,7.6318,7.7056,1803592,0
1995-12-26,7.6684,7.6777,7.6318,7.6684,462982,0
1995-12-27,7.6318,7.6502,7.4757,7.5216,1776590,0
1995-12-28,7.4757,7.4849,7.4207,7.4849,594084,0
1995-12-29,7.4849,7.4849,7.3473,7.3839,1074491,0
1996-01-02,7.329,7.4665,7.2921,7.4207,2384605,0
1996-01-03,7.4391,7.448,7.3839,7.448,4137672,0
1996-01-04,7.4391,7.5216,7.3933,7.4391,4077570,0
1996-01-05,7.4391,7.4849,7.4207,7.4849,3027037,0
1996-01-08,7.4665,7.4665,7.4391,7.448,865426,0
1996-01-09,7.4391,7.448,7.3839,7.4114,991298,0
1996-01-10,7.3839,7.4114,7.2092,7.2092,2716929,0
1996-01-11,7.2092,7.246,7.1265,7.1541,4192554,0
1996-01-12,7.1727,7.2277,7.0807,7.2277,1599324,0
1996-01-15,7.2092,7.4757,7.2092,7.4757,2071449,0
1996-01-16,7.4757,7.6226,7.4757,7.6134,4613292,0
1996-01-17,7.5855,7.6134,7.54,7.6134,4318863,0
1996-01-18,7.6134,7.7787,7.6134,7.7056,4677752,0
1996-01-19,7.7056,8.0359,7.6869,7.88,5930378,0
1996-01-22,7.8522,7.9257,7.7971,7.88,2375465,0
1996-01-23,7.88,7.88,7.8339,7.88,1620228,0
1996-01-24,7.8522,7.9627,7.8522,7.8891,2375465,0
1996-01-25,7.8979,7.9531,7.8891,7.9349,1552282,0
1996-01-26,7.9257,7.9627,7.8891,7.9531,1410729,0
1996-01-29,7.9349,8.0268,7.9349,8.0176,1094089,0
1996-01-30,8.0176,8.0452,7.9531,8.0176,2337133,0
1996-01-31,7.9899,8.0452,7.9808,8.0176,1978679,0
1996-02-01,8.0176,8.0176,7.9257,7.9899,1998281,0
1996-02-02,8.0268,8.0268,7.9899,8.0176,1806639,0
1996-02-05,7.9899,8.0176,7.9349,7.9899,1124141,0
1996-02-06,8.0176,8.0725,7.9627,8.0452,1784861,0
1996-02-07,8.0176,8.0634,7.9627,7.9899,2420757,0
1996-02-08,7.9899,8.0268,7.9808,8.0176,3066672,0
1996-02-09,7.9531,7.9808,7.7787,7.8339,2919020,0
1996-02-12,7.7787,7.8154,7.7329,7.8154,4068423,0
1996-02-13,7.8154,8.0176,7.8154,7.9808,2758737,0
1996-02-14,7.9899,8.0452,7.8433,7.8891,2087131,0
1996-02-15,7.8433,7.9531,7.8433,7.8522,1288342,0
1996-02-16,7.8433,7.8522,7.7881,7.8339,1560123,0
1996-02-20,7.7787,7.7881,7.6226,7.6684,2270059,0
1996-02-21,7.6409,7.7787,7.6043,7.6684,3048377,0
1996-02-22,7.6961,7.7971,7.6961,7.7515,2740885,0
1996-02-23,7.7515,7.7971,7.6869,7.7329,2141575,0
1996-02-26,7.7604,7.7787,7.7056,7.7236,1883732,0
1996-02-27,7.7515,7.7604,7.6043,7.6961,1580156,0
1996-02-28,7.7236,7.7881,7.6961,7.6961,2351503,0
1996-02-29,7.7056,8.1552,7.7056,8.137,6838054,0
1996-03-01,8.1552,8.1739,8.0176,8.1005,4145081,0
1996-03-04,8.1277,8.2747,8.0816,8.2103,1121092,0
1996-03-05,8.1552,8.2473,8.1005,8.2197,1307939,0
1996-03-06,8.2103,8.4585,8.1739,8.4491,2929042,0
1996-03-07,8.4217,8.4768,8.3664,8.4491,1832337,0
1996-03-08,8.3114,8.394,8.1277,8.137,2125457,0
1996-03-11,8.1277,8.1552,7.9808,8.0816,2330599,0
1996-03-12,8.0634,8.137,7.9627,8.1005,2760046,0
1996-03-13,8.1277,8.2103,8.0634,8.1552,1614566,0
1996-03-14,8.137,8.137,8.0452,8.0725,1067085,0
1996-03-15,8.0634,8.1092,7.9899,8.1092,1098879,0
1996-03-18,8.1277,8.2287,8.0816,8.2103,2022235,0
1996-03-19,8.1739,8.2197,8.1644,8.1921,4158146,0
1996-03-20,8.1921,8.2562,8.1921,8.2197,1388081,0
1996-03-21,8.2103,8.2287,8.1552,8.1644,605407,0
1996-03-22,8.1739,8.2103,8.1092,8.1921,608023,0
1996-03-25,8.1739,8.2197,8.1552,8.2103,921613,0
1996-03-26,8.1644,8.1921,8.0816,8.1552,865426,0
1996-03-27,8.1644,8.2473,8.137,8.1921,1595838,0
1996-03-28,8.2103,8.3114,8.1739,8.2562,1514824,0
1996-03-29,8.2747,8.2747,8.1277,8.1277,2017445,0
1996-04-01,8.0725,8.1277,7.531,7.7515,24720219,0
1996-04-02,7.7881,7.8704,7.7329,7.7515,13080282,0
1996-04-03,7.7515,7.8522,7.7236,7.8433,4692125,0
1996-04-04,7.8522,8.0816,7.8522,8.0816,11088968,0
1996-04-08,7.9531,7.9531,7.7881,7.9257,4519648,0
1996-04-09,7.9627,7.9899,7.6043,7.7236,4790558,0
1996-04-10,7.7329,7.7329,7.4665,7.531,4436458,0
1996-04-11,7.5769,7.5855,7.3746,7.5855,7261403,0
1996-04-12,7.6596,7.7971,7.6226,7.7787,4630275,0
1996-04-15,7.7604,7.8704,7.7329,7.8522,2695153,0
1996-04-16,7.8891,7.8891,7.7329,7.7604,4550571,0
1996-04-17,7.7236,7.7329,7.6134,7.6409,3265717,0
1996-04-18,7.6596,7.6684,7.5769,7.6134,2418580,0
1996-04-19,7.6409,7.6409,7.5216,7.531,2125025,0
1996-04-22,7.5855,7.6961,7.531,7.6961,6345015,0
1996-04-23,7.6684,7.6684,7.6226,7.6596,2331907,0
1996-04-24,7.7692,7.7692,7.6502,7.6869,4571912,0
1996-04-25,7.7056,7.7329,7.6869,7.7329,5100229,0
1996-04-26,7.742,7.7787,7.6869,7.742,7585885,0
1996-04-29,7.7692,7.7692,7.7056,7.742,3271378,0
1996-04-30,7.742,7.7787,7.7329,7.742,3639410,0
1996-05-01,7.7329,7.7787,7.7143,7.7143,6418626,0
1996-05-02,7.7143,7.7143,7.3933,7.448,7178649,0
1996-05-03,7.4298,7.448,7.2921,7.3746,5571489,0
1996-05-06,7.4298,7.4298,7.2555,7.3103,3219983,0
1996-05-07,7.3195,7.3654,7.2921,7.2921,3004387,0
1996-05-08,7.2828,7.4207,7.2646,7.4019,6522284,0
1996-05-09,7.3933,7.4207,7.3473,7.3654,2267883,0
1996-05-10,7.4019,7.5855,7.3933,7.5855,3244812,0
1996-05-13,7.5951,7.6596,7.5951,7.6226,4525310,0
1996-05-14,7.6318,7.7604,7.5951,7.7143,3964330,0
1996-05-15,7.742,7.8154,7.7143,7.7329,4094556,0
1996-05-16,7.7056,7.7329,7.6596,7.7056,1870664,0
1996-05-17,7.7056,7.8247,7.6869,7.7787,2523545,0
1996-05-20,7.7971,7.9717,7.7971,7.9349,3848473,0
1996-05-21,7.9627,8.1277,7.9167,7.9531,5046223,0
1996-05-22,8.0725,8.1277,8.0268,8.1092,4003092,0
1996-05-23,8.1092,8.2839,8.0543,8.137,2760481,0
1996-05-24,8.1552,8.1552,8.0912,8.1092,842341,0
1996-05-28,8.1092,8.1092,8.0268,8.0452,2924250,0
1996-05-29,8.0176,8.0725,7.9717,7.9717,2316661,0
1996-05-30,7.9717,8.0176,7.88,7.9627,1674234,0
1996-05-31,7.9717,8.0543,7.9072,8.0176,2867629,0
1996-06-03,8.0176,8.0268,7.9717,7.9899,2324941,0
1996-06-04,8.0176,8.0543,7.9991,8.0452,1922494,0
1996-06-05,8.0268,8.0268,7.9991,8.0176,1213427,0
1996-06-06,8.0452,8.1277,8.0452,8.0452,3827565,0
1996-06-07,7.9349,7.9441,7.742,7.8154,4618517,0
1996-06-10,7.7692,7.7787,7.6869,7.7692,6510524,0
1996-06-11,7.7787,7.9441,7.7787,7.9349,3604570,0
1996-06-12,7.9717,8.0176,7.8979,7.8979,2916405,0
1996-06-13,7.8979,7.9991,7.88,7.9167,3689938,0
1996-06-14,7.9167,7.9717,7.8979,7.9627,3046200,0
1996-06-17,7.9717,7.9717,7.8433,7.9167,4696044,0
1996-06-18,7.8979,8.0268,7.8979,7.9991,5522710,0
1996-06-19,7.9899,8.0725,7.9899,8.0268,7331960,0
1996-06-20,8.0452,8.0452,7.88,7.9167,6478730,0
1996-06-21,7.9167,7.9349,7.8614,7.8979,3519637,0
1996-06-24,7.8979,7.8979,7.8154,7.8614,2676421,0
1996-06-25,7.8247,7.8979,7.8247,7.8522,5480460,0
1996-06-26,7.8247,7.8247,7.7604,7.7971,2807957,0
1996-06-27,7.7971,7.7971,7.742,7.7971,3804482,0
1996-06-28,7.8154,7.8433,7.7692,7.7692,1524406,0
1996-07-01,7.7787,8.0268,7.7787,7.9991,4091073,0
1996-07-02,7.9991,7.9991,7.8614,7.88,1781378,0
1996-07-03,7.8614,7.8614,7.7604,7.7787,2983483,0
1996-07-05,7.7329,7.7329,7.5951,7.5951,2286609,0
1996-07-08,7.6043,7.6043,7.3195,7.3473,4447784,0
1996-07-09,7.3473,7.3746,7.2277,7.2277,5759644,0
1996-07-10,7.2277,7.237,7.0345,7.0898,5761387,0
1996-07-11,6.3003,6.6859,6.0155,6.6402,27982882,0
1996-07-12,6.6859,6.8329,6.6859,6.8329,14069839,0
1996-07-15,6.8329,6.8329,6.5389,6.6127,12554142,0
1996-07-16,6.6127,6.6676,6.4564,6.5571,9601148,0
1996-07-17,6.6859,6.6948,6.6032,6.6676,11822429,0
1996-07-18,6.6583,6.7869,6.6402,6.75,7361140,0
1996-07-19,6.75,6.75,6.6032,6.6676,6771413,0
1996-07-22,6.6676,6.6859,6.5481,6.5848,6635960,0
1996-07-23,6.5759,6.5759,6.5022,6.5481,6533170,0
1996-07-24,6.4653,6.5848,6.401,6.4653,10788010,0
1996-07-25,6.4653,6.5022,6.447,6.4653,2394626,0
1996-07-26,6.5389,6.5663,6.5114,6.5389,4264419,0
1996-07-29,6.5389,6.5663,6.5022,6.5114,2022235,0
1996-07-30,6.5297,6.5297,6.3367,6.401,9228324,0
1996-07-31,6.4195,6.4195,6.3003,6.3367,5480026,0
1996-08-01,6.3367,6.3551,6.2818,6.328,6507039,0
1996-08-02,6.3828,6.4746,6.3644,6.4746,5373319,0
1996-08-05,6.4929,6.75,6.4929,6.6402,6680385,0
1996-08-06,6.6948,6.7869,6.6676,6.7778,6206076,0
1996-08-07,6.8055,7.0898,6.8055,7.0345,8556712,0
1996-08-08,7.0345,7.2277,7.0167,7.1453,7269246,0
1996-08-09,7.1453,7.1541,7.0345,7.0345,3292719,0
1996-08-12,7.0626,7.0993,6.989,7.0442,2981740,0
1996-08-13,7.0898,7.1174,7.0442,7.0993,3975217,0
1996-08-14,7.1265,7.1911,7.0626,7.0993,2166836,0
1996-08-15,7.1174,7.2646,7.1174,7.2277,3751349,0
1996-08-16,7.246,7.494,7.246,7.4572,3523558,0
1996-08-19,7.4665,7.5769,7.4572,7.494,4012677,0
1996-08-20,7.4849,7.5124,7.3746,7.3839,3313190,0
1996-08-21,7.3378,7.4019,7.2921,7.4019,3702130,0
1996-08-22,7.3839,7.4114,7.3654,7.3839,1924236,0
1996-08-23,7.3839,7.3839,7.3195,7.3473,1292261,0
1996-08-26,7.3195,7.3473,7.3103,7.3103,2179031,0
1996-08-27,7.3103,7.3378,7.2736,7.3195,1637212,0
1996-08-28,7.3473,7.3746,7.2921,7.2921,1159855,0
1996-08-29,7.2921,7.2921,7.1816,7.237,1706029,0
1996-08-30,7.2277,7.2277,7.1265,7.2092,1919448,0
1996-09-03,7.1453,7.1541,7.0345,7.0898,1921625,0
1996-09-04,7.0898,7.3473,7.0442,7.3195,4647263,0
1996-09-05,7.3103,7.3378,7.2277,7.2646,2640274,0
1996-09-06,7.2921,7.3839,7.1816,7.1911,2967802,0
1996-09-09,7.2277,7.4572,7.2277,7.4114,2069706,0
1996-09-10,7.4298,7.4298,7.3473,7.3839,2337133,0
1996-09-11,7.3746,7.4391,7.3746,7.4114,1247401,0
1996-09-12,7.4114,7.54,7.4114,7.5124,2619367,0
1996-09-13,7.6043,7.6596,7.5769,7.6409,3288799,0
1996-09-16,7.6596,7.7143,7.6409,7.6961,2074499,0
1996-09-17,7.6869,7.6869,7.5769,7.5951,2872855,0
1996-09-18,7.5951,7.5951,7.4572,7.4849,1061425,0
1996-09-19,7.4665,7.4665,7.3839,7.4019,1171615,0
1996-09-20,7.3839,7.4019,7.3654,7.3746,3068412,0
1996-09-23,7.3746,7.3839,7.3103,7.3746,1611081,0
1996-09-24,7.3746,7.4114,7.3378,7.3473,2648112,0
1996-09-25,7.3473,7.4572,7.2277,7.4391,2982174,0
1996-09-26,7.4665,7.5124,7.4019,7.494,3725213,0
1996-09-27,7.5216,7.6777,7.494,7.6409,2841931,0
1996-09-30,7.6318,7.7236,7.6318,7.6777,1983035,0
1996-10-01,7.6409,7.6409,7.5676,7.6043,1535733,0
1996-10-02,7.6134,7.6409,7.5676,7.6318,1820578,0
1996-10-03,7.6318,7.6318,7.5124,7.5216,1406372,0
1996-10-04,7.5216,7.6596,7.5216,7.6409,3838891,0
1996-10-07,7.6596,7.6596,7.5769,7.5951,1631549,0
1996-10-08,7.5951,7.5951,7.494,7.5216,1838436,0
1996-10-09,7.4391,7.4572,7.3654,7.3839,5438647,0
1996-10-10,7.3746,7.3746,7.237,7.2921,4789685,0
1996-10-11,7.2921,7.2921,7.0993,7.1911,7870732,0
1996-10-14,7.1911,7.1911,7.1265,7.1911,3263974,0
1996-10-15,7.1911,7.1911,7.1541,7.1727,1320136,0
1996-10-16,7.1727,7.1727,7.0719,7.1265,3097596,0
1996-10-17,7.1453,7.1541,7.0442,7.0626,4619827,0
1996-10-18,7.0626,7.0626,6.9614,6.989,3465194,0
1996-10-21,6.989,7.0442,6.9799,7.0167,4990032,0
1996-10-22,7.0345,7.0345,6.888,6.8972,2429033,0
1996-10-23,6.9062,6.9062,6.7411,6.8143,5531856,0
1996-10-24,6.8236,6.8236,6.5759,6.5759,3793590,0
1996-10-25,6.6676,7.0256,6.6676,6.9062,6442145,0
1996-10-28,6.9062,6.9153,6.8143,6.8236,4306232,0
1996-10-29,6.8512,7.0167,6.7961,6.9339,4829320,0
1996-10-30,7.0442,7.3473,6.998,7.329,3749171,0
1996-10-31,7.3013,7.4114,7.2828,7.3103,4661637,0
1996-11-01,7.3103,7.3103,7.2003,7.237,1905071,0
1996-11-04,7.2184,7.237,7.1541,7.1816,2464311,0
1996-11-05,7.1911,7.237,7.1635,7.1816,3143325,0
1996-11-06,7.2184,7.3103,7.2003,7.2828,5014429,0
1996-11-07,7.3013,7.5031,7.2828,7.4391,3372424,0
1996-11-08,7.4665,7.5584,7.4665,7.494,6504862,0
1996-11-11,7.5031,7.5584,7.494,7.494,3201254,0
1996-11-12,7.5031,7.5216,7.4757,7.494,1121966,0
1996-11-13,7.5031,7.5769,7.4298,7.5491,1805771,0
1996-11-14,7.5769,7.6318,7.5491,7.6134,3101949,0
1996-11-15,7.6409,7.6409,7.5855,7.6134,1692964,0
1996-11-18,7.5855,7.6134,7.5491,7.5855,1051407,0
1996-11-19,7.5584,7.6043,7.5584,7.5855,2754384,0
1996-11-20,7.6043,7.6318,7.5769,7.6043,1154626,0
1996-11-21,7.5855,7.6134,7.5584,7.6043,1433379,0
1996-11-22,7.6134,7.8433,7.6134,7.8063,3808404,0
1996-11-25,7.7881,7.9257,7.7881,7.9072,5729155,0
1996-11-26,7.8891,7.9072,7.7787,7.8063,4103267,0
1996-11-27,7.8339,7.9167,7.7787,7.9167,1473448,0
1996-11-29,7.9717,7.9717,7.8891,7.8891,1207768,0
1996-12-02,7.8891,7.8891,7.7787,7.8614,1600628,0
1996-12-03,7.8891,7.9441,7.8614,7.8704,2245668,0
1996-12-04,7.9072,7.9167,7.8063,7.9072,2089744,0
1996-12-05,7.9257,8.1092,7.9167,8.0912,4755713,0
1996-12-06,8.0452,8.3114,7.9899,8.2747,7632486,0
1996-12-09,8.2747,8.2747,8.1921,8.2287,4093682,0
1996-12-10,8.2473,8.3664,8.1921,8.2287,4780540,0
1996-12-11,8.1921,8.2287,8.0912,8.1462,3219983,0
1996-12-12,8.137,8.1462,7.9441,7.9441,2274414,0
1996-12-13,7.9899,7.9899,7.8891,7.9257,2743063,0
1996-12-16,7.9441,8.0816,7.8704,7.9991,2789229,0
1996-12-17,8.0084,8.1921,7.9717,8.1921,2520935,0
1996-12-18,8.2197,8.2562,8.1921,8.2562,3337580,0
1996-12-19,8.2562,8.3114,8.2473,8.2747,3000031,0
1996-12-20,8.3572,8.3572,8.2012,8.2197,5167305,0
1996-12-23,8.2197,8.339,8.2197,8.3298,2461698,0
1996-12-24,8.394,8.6698,8.3851,8.6698,3216497,0
1996-12-26,8.752,8.7616,8.6698,8.7064,2588444,0
1996-12-27,8.7064,8.789,8.7064,8.7616,1990439,0
1996-12-30,8.7616,9.0185,8.7339,8.9267,4517034,0
1996-12-31,8.8167,8.8898,8.7247,8.752,1875456,0
1997-01-02,8.7064,8.7064,8.4768,8.5319,3833665,0
1997-01-03,8.6147,8.8441,8.6051,8.8167,4382451,0
1997-01-06,8.7616,8.789,8.642,8.642,2421195,0
1997-01-07,8.642,8.642,8.5043,8.541,3009177,0
1997-01-08,8.5869,8.6236,8.5319,8.5778,6159909,0
1997-01-09,8.5869,8.6051,8.5043,8.5043,1709949,0
1997-01-10,8.4399,8.541,8.394,8.5043,2693410,0
1997-01-13,8.5319,8.5319,8.0912,8.1921,5180809,0
1997-01-14,8.2197,8.339,7.9899,8.1186,8318035,0
1997-01-15,8.137,8.3572,8.1092,8.2473,3660318,0
1997-01-16,8.2747,8.4032,8.1644,8.3298,5075840,0
1997-01-17,8.3851,8.4491,8.1921,8.2747,3636801,0
1997-01-20,8.3023,8.3023,8.0543,8.0912,5267044,0
1997-01-21,8.1092,8.339,8.1092,8.1921,3779661,0
1997-01-22,8.2197,8.3114,8.1739,8.3023,3090189,0
1997-01-23,8.3851,8.5227,8.3023,8.3114,3500040,0
1997-01-24,8.3298,8.4399,8.2562,8.3023,2719107,0
1997-01-27,8.3023,8.3023,8.1644,8.1739,2547501,0
1997-01-28,8.2287,8.3023,8.0912,8.1092,3620686,0
1997-01-29,8.1005,8.1829,8.1005,8.1552,1926848,0
1997-01-30,8.1739,8.3664,8.1739,8.339,1064470,0
1997-01-31,8.3483,8.8073,8.3483,8.6698,3273990,0
1997-02-03,8.8073,8.8073,8.7156,8.789,3665543,0
1997-02-04,8.752,9.0369,8.752,9.0369,3962151,0
1997-02-05,8.9359,8.9543,8.4675,8.5503,16585544,0
1997-02-06,8.5869,8.6236,8.4032,8.4861,4119818,0
1997-02-07,8.541,8.6236,8.5043,8.5503,4649442,0
1997-02-10,8.5869,8.7616,8.5686,8.7339,4212590,0
1997-02-11,8.752,8.8073,8.7339,8.7707,2865015,0
1997-02-12,8.7616,9.0369,8.7616,9.0185,2886791,0
1997-02-13,9.0461,9.514,9.0369,9.432,5510949,0
1997-02-14,9.432,9.762,9.432,9.4885,7962196,0
1997-02-18,9.533,9.533,9.2848,9.3211,3386362,0
1997-02-19,9.3407,9.432,9.2848,9.4231,3146811,0
1997-02-20,9.3668,9.3668,9.2945,9.3128,2052288,0
1997-02-21,9.3211,9.3668,9.2848,9.3211,994348,0
1997-02-24,9.2945,9.4231,9.2665,9.4034,2282252,0
1997-02-25,9.3851,9.3851,9.2945,9.3767,1792266,0
1997-02-26,9.3668,9.3767,9.1197,9.1472,2764839,0
1997-02-27,9.1755,9.3407,9.1472,9.2016,2576247,0
1997-02-28,9.1013,9.2295,9.0921,9.1197,1982164,0
1997-03-03,9.0461,9.3128,9.0185,9.2945,2490880,0
1997-03-04,9.3211,9.4231,9.3211,9.3497,3127212,0
1997-03-05,9.3497,9.4696,9.3497,9.4597,3239145,0
1997-03-06,9.514,9.543,9.3211,9.4231,2792277,0
1997-03-07,9.4597,9.854,9.432,9.854,3277472,0
1997-03-10,9.872,10.01,9.827,9.992,3554915,0
1997-03-11,10.174,10.212,10.019,10.128,3371986,0
1997-03-12,10.119,10.241,10.094,10.184,2715622,0
1997-03-13,10.174,10.174,9.872,9.872,2441232,0
1997-03-14,9.881,10.066,9.872,9.965,1767877,0
1997-03-17,9.9,10.028,9.846,9.854,2442970,0
1997-03-18,9.854,9.854,9.762,9.809,1863698,0
1997-03-19,9.772,9.827,9.606,9.606,3079738,0
1997-03-20,9.597,9.809,9.533,9.672,3011357,0
1997-03-21,9.734,9.762,9.606,9.681,2052288,0
1997-03-24,9.708,9.753,9.569,9.625,1893313,0
1997-03-25,9.634,9.9,9.634,9.872,3461710,0
1997-03-26,9.846,9.965,9.818,9.827,2277464,0
1997-03-27,9.872,9.872,9.551,9.588,2797939,0
1997-03-31,9.551,9.588,9.3668,9.4231,2255252,0
1997-04-01,9.3668,9.4696,9.3211,9.4497,2323196,0
1997-04-02,9.4034,9.681,9.3851,9.4497,2175544,0
1997-04-03,9.4497,9.597,9.3668,9.533,1584947,0
1997-04-04,9.4696,9.533,9.4231,9.4597,2354989,0
1997-04-07,9.4696,9.533,9.3767,9.3767,1508293,0
1997-04-08,9.3767,9.4034,9.3128,9.3851,2203857,0
1997-04-09,9.4497,9.514,9.3407,9.3668,1089735,0
1997-04-10,9.3668,9.606,9.3211,9.4597,1621971,0
1997-04-11,9.4034,9.533,9.1755,9.1755,3145942,0
1997-04-14,9.184,9.533,9.184,9.4497,2098018,0
1997-04-15,9.4885,9.724,9.4597,9.708,2757871,0
1997-04-16,9.681,9.9,9.625,9.846,3371986,0
1997-04-17,9.846,9.846,9.653,9.653,1620228,0
1997-04-18,9.672,9.69,9.4034,9.4231,3178171,0
1997-04-21,9.4231,9.606,9.3407,9.3407,2802729,0
1997-04-22,9.3668,9.4497,9.2945,9.4034,1772667,0
1997-04-23,9.3941,9.578,9.3941,9.4132,1391568,0
1997-04-24,9.4409,9.514,9.2761,9.2761,1130676,0
1997-04-25,9.2761,9.3584,9.2114,9.2295,1101059,0
1997-04-28,9.2202,9.3584,9.193,9.2202,1584513,0
1997-04-29,9.3851,9.862,9.3767,9.854,1726500,0
1997-04-30,9.781,10.085,9.781,10.019,2810570,0
1997-05-01,9.947,9.947,9.743,9.881,2264831,0
1997-05-02,9.854,9.975,9.827,9.881,1363256,0
1997-05-05,9.891,10.019,9.781,9.965,2517448,0
1997-05-06,10.166,10.745,10.166,10.543,10457867,0
1997-05-07,10.515,10.911,10.515,10.625,5253107,0
1997-05-08,10.553,10.911,10.515,10.781,5920360,0
1997-05-09,10.8,10.994,10.781,10.829,4222607,0
1997-05-12,10.829,11.002,10.829,10.92,2887226,0
1997-05-13,10.875,11.04,10.837,10.837,3158138,0
1997-05-14,10.883,10.937,10.681,10.736,2105422,0
1997-05-15,10.745,10.764,10.625,10.653,2091486,0
1997-05-16,10.634,10.691,10.407,10.416,2648547,0
1997-05-19,10.378,10.718,10.305,10.607,1792266,0
1997-05-20,10.598,10.634,10.416,10.607,2099326,0
1997-05-21,10.553,10.571,10.305,10.378,3464760,0
1997-05-22,10.432,10.441,10.378,10.416,981281,0
1997-05-23,10.407,10.497,10.407,10.468,2101505,0
1997-05-27,10.441,10.543,10.416,10.487,1906815,0
1997-05-28,10.487,10.487,10.36,10.416,1452979,0
1997-05-29,10.459,10.581,10.407,10.543,1582331,0
1997-05-30,10.497,11.204,10.459,11.103,2617187,0
1997-06-02,11.048,11.084,10.965,10.994,3253956,0
1997-06-03,10.92,11.167,10.901,10.901,3543592,0
1997-06-04,10.901,11.242,10.883,11.103,2467797,0
1997-06-05,11.103,11.471,11.103,11.326,2611963,0
1997-06-06,11.351,11.656,11.351,11.572,5013121,0
1997-06-09,11.572,11.983,11.572,11.886,4676011,0
1997-06-10,11.93,11.93,11.774,11.82,2874162,0
1997-06-11,11.82,12.039,11.82,11.93,2419453,0
1997-06-12,11.94,12.262,11.912,12.233,2691668,0
1997-06-13,12.187,12.398,12.151,12.398,2146363,0
1997-06-16,12.187,12.271,11.94,12.039,5017043,0
1997-06-17,12.02,12.123,12.011,12.02,2929042,0
1997-06-18,11.983,11.991,11.746,11.746,1878502,0
1997-06-19,11.774,12.011,11.774,12.011,2622419,0
1997-06-20,12.049,12.077,11.886,11.886,2200371,0
1997-06-23,11.857,11.94,11.746,11.764,1869357,0
1997-06-24,11.68,11.983,11.434,11.886,3889850,0
1997-06-25,11.857,11.94,11.718,11.764,2776600,0
1997-06-26,11.829,11.857,11.629,11.718,1506115,0
1997-06-27,11.737,11.774,11.369,11.425,5116343,0
1997-06-30,11.351,11.378,11.158,11.26,3103256,0
1997-07-01,11.287,11.425,11.242,11.242,2519192,0
1997-07-02,11.342,11.425,11.26,11.369,3178604,0
1997-07-03,11.507,11.629,11.507,11.591,1967792,0
1997-07-07,11.646,11.689,11.443,11.471,2482606,0
1997-07-08,11.461,11.553,11.388,11.553,2118487,0
1997-07-09,11.61,11.656,11.342,11.36,2161169,0
1997-07-10,11.342,11.479,11.342,11.369,2160303,0
1997-07-11,11.378,11.61,11.378,11.533,1579287,0
1997-07-14,11.543,11.646,11.406,11.461,1808818,0
1997-07-15,11.488,11.6,11.471,11.488,3409013,0
1997-07-16,11.507,11.867,11.507,11.829,3648561,0
1997-07-17,11.847,11.912,11.673,11.746,2412046,0
1997-07-18,11.746,11.857,11.443,11.471,2292270,0
1997-07-21,11.543,11.791,11.516,11.673,2498285,0
1997-07-22,11.698,11.894,11.689,11.801,1752635,0
1997-07-23,11.894,12.215,11.886,12.215,2792714,0
1997-07-24,12.252,12.765,12.159,12.672,3191236,0
1997-07-25,12.646,12.646,12.242,12.407,2459087,0
1997-07-28,12.38,12.415,12.133,12.141,1357156,0
1997-07-29,12.141,12.5,12.058,12.49,1719966,0
1997-07-30,12.471,12.681,12.462,12.593,2495672,0
1997-07-31,12.583,12.665,12.49,12.546,1204282,0
1997-08-01,12.528,12.574,12.299,12.555,1401579,0
1997-08-04,12.546,13.012,12.546,12.888,4365898,0
1997-08-05,11.562,11.673,11.287,11.316,21649626,0
1997-08-06,11.562,11.562,11.076,11.232,16620389,0
1997-08-07,11.012,11.148,10.653,10.653,21346920,0
1997-08-08,10.459,10.79,10.441,10.754,14530641,0
1997-08-11,10.764,10.819,10.663,10.764,7488323,0
1997-08-12,10.847,10.92,10.728,10.745,5939089,0
1997-08-13,10.837,10.866,10.553,10.598,13401279,0
1997-08-14,10.671,10.781,10.553,10.663,5340647,0
1997-08-15,10.653,10.736,10.543,10.543,3958233,0
1997-08-18,10.598,10.598,10.424,10.497,3449950,0
1997-08-19,10.497,10.497,10.388,10.388,3659014,0
1997-08-20,10.398,10.398,10.268,10.351,6009214,0
1997-08-21,10.351,10.424,10.258,10.295,3099773,0
1997-08-22,10.241,10.286,10.174,10.286,4774878,0
1997-08-25,10.268,10.478,10.268,10.478,3633749,0
1997-08-26,10.459,10.617,10.407,10.571,5372446,0
1997-08-27,10.581,10.709,10.581,10.671,5581942,0
1997-08-28,10.671,10.671,10.571,10.581,1885038,0
1997-08-29,10.571,10.728,10.515,10.515,1631985,0
1997-09-02,10.478,10.781,10.478,10.772,1918574,0
1997-09-03,10.8,11.121,10.79,10.937,2556647,0
1997-09-04,10.937,11.066,10.892,11.002,2588878,0
1997-09-05,11.176,11.176,11.066,11.148,3896818,0
1997-09-08,11.121,11.26,11.121,11.167,2853251,0
1997-09-09,11.204,11.251,11.139,11.232,3186880,0
1997-09-10,11.223,11.223,11.139,11.167,2195584,0
1997-09-11,11.094,11.094,10.92,11.012,2703859,0
1997-09-12,11.121,11.279,11.03,11.232,6042749,0
1997-09-15,11.232,11.396,11.204,11.351,3610664,0
1997-09-16,11.388,11.689,11.369,11.664,3724341,0
1997-09-17,11.638,11.698,11.562,11.68,2309692,0
1997-09-18,11.68,11.774,11.646,11.689,2123715,0
1997-09-19,11.689,11.689,11.434,11.526,2088001,0
1997-09-22,11.526,11.526,11.269,11.316,2241753,0
1997-09-23,11.287,11.287,10.212,10.314,36826618,0
1997-09-24,10.268,10.432,9.928,10.203,14070273,0
1997-09-25,10.184,10.212,9.909,9.928,10915188,0
1997-09-26,9.965,10.019,9.862,9.965,4668605,0
1997-09-29,9.3211,9.3497,8.8349,8.9177,32315683,0
1997-09-30,8.9177,8.9818,8.7616,8.9728,15066801,0
1997-10-01,9.0004,9.0277,8.743,8.7798,8802360,0
1997-10-02,8.7339,8.7981,8.5319,8.6147,8542777,0
1997-10-03,8.697,8.7247,8.4861,8.5869,7562800,0
1997-10-06,8.5962,8.6605,8.5136,8.5869,6490491,0
1997-10-07,8.5869,8.8716,8.4585,8.8349,9656029,0
1997-10-08,8.8811,8.8992,8.5962,8.7156,8853754,0
1997-10-09,8.642,8.7798,8.6051,8.697,6349373,0
1997-10-10,8.642,8.7616,8.6147,8.6511,3318417,0
1997-10-13,8.6789,8.8811,8.6789,8.7981,7039274,0
1997-10-14,8.8167,8.8625,8.642,8.7339,4038807,0
1997-10-15,8.7616,8.8441,8.6698,8.6789,3805350,0
1997-10-16,8.6789,8.743,8.394,8.4585,3992202,0
1997-10-17,8.394,8.4768,8.0912,8.2379,8211759,0
1997-10-20,8.3483,8.3758,8.2379,8.3205,4579315,0
1997-10-21,8.3758,8.5319,8.3572,8.5227,3919468,0
1997-10-22,8.5227,8.5778,8.3851,8.4585,2213003,0
1997-10-23,8.2473,8.4768,8.2197,8.394,3974344,0
1997-10-24,8.4768,8.4768,8.2562,8.3023,5051885,0
1997-10-27,7.9899,8.1092,7.54,7.6043,7645119,0
1997-10-28,7.6043,8.0084,7.4849,7.9257,6635524,0
1997-10-29,7.9441,8.1829,7.9349,8.0176,3843682,0
1997-10-30,7.8979,8.0084,7.8247,7.9072,2077984,0
1997-10-31,7.9531,8.0543,7.8247,7.8522,3159438,0
1997-11-03,7.9257,8.0725,7.8891,8.0268,3186008,0
1997-11-04,7.9991,8.1829,7.8433,8.1829,7436055,0
1997-11-05,8.2012,8.2012,7.9349,7.9627,4109362,0
1997-11-06,8.0084,8.1462,7.9531,8.0176,5373752,0
1997-11-07,7.9531,8.2379,7.8979,8.2012,4581930,0
1997-11-10,8.2839,8.4217,8.2839,8.3572,6017487,0
1997-11-11,8.3851,8.6511,8.3851,8.6051,3703001,0
1997-11-12,8.5227,8.642,8.4949,8.5043,4076703,0
1997-11-13,8.5043,8.5503,8.4399,8.4861,2237830,0
1997-11-14,8.5043,8.6331,8.4399,8.5593,2060997,0
1997-11-17,8.5686,8.789,8.5686,8.7247,2390702,0
1997-11-18,8.688,8.7616,8.642,8.6511,1351495,0
1997-11-19,8.6605,8.7707,8.6051,8.6331,2484349,0
1997-11-20,8.6331,8.7064,8.5869,8.6051,1890264,0
1997-11-21,8.6051,8.6605,8.5227,8.5869,1910732,0
1997-11-24,8.5043,8.541,8.4032,8.4032,1586690,0
1997-11-25,8.394,8.4032,8.2473,8.2655,2830604,0
1997-11-26,8.2931,8.3572,8.2562,8.2747,1393309,0
1997-11-28,8.3205,8.3851,8.2839,8.2839,451222,0
1997-12-01,8.3758,8.6051,8.3483,8.5593,1822319,0
1997-12-02,8.5778,8.697,8.5686,8.697,2096278,0
1997-12-03,8.6605,8.8898,8.5962,8.8625,2706037,0
1997-12-04,8.8625,8.9452,8.7798,8.789,2823201,0
1997-12-05,8.743,8.8811,8.743,8.8257,1593659,0
1997-12-08,8.8625,8.9177,8.7339,8.7339,1712562,0
1997-12-09,8.7247,8.8625,8.7064,8.7798,1459076,0
1997-12-10,8.5869,8.752,8.5869,8.743,2226505,0
1997-12-11,8.7247,8.7339,8.5227,8.6236,2119360,0
1997-12-12,8.6605,8.7707,8.6236,8.7156,1854547,0
1997-12-15,8.7064,8.9177,8.7064,8.8811,2016137,0
1997-12-16,8.9177,8.9452,8.7798,8.789,1715176,0
1997-12-17,8.789,8.8257,8.7064,8.7064,1821887,0
1997-12-18,7.9257,7.9257,7.4019,7.6777,18092530,0
1997-12-19,7.5951,8.0634,7.494,7.5031,7257048,0
1997-12-22,7.5031,7.54,7.3195,7.4391,3515717,0
1997-12-23,7.4298,7.5124,7.3565,7.4391,3757009,0
1997-12-24,7.4114,7.4572,7.3378,7.4019,1425976,0
1997-12-26,7.4019,7.4757,7.4019,7.4391,1002624,0
1997-12-29,7.4391,7.4849,7.3839,7.448,2935135,0
1997-12-30,7.448,7.7971,7.448,7.7329,6728293,0
1997-12-31,7.7604,7.8891,7.7329,7.7881,3142020,0
1998-01-02,7.8063,7.8522,7.7056,7.7329,1663346,0
1998-01-05,7.7881,7.8339,7.7056,7.7692,6380295,0
1998-01-06,7.7692,8.0268,7.7692,7.9899,3701261,0
1998-01-07,7.9899,8.0634,7.8433,8.0634,2058386,0
1998-01-08,8.0359,8.0359,7.7971,7.8522,1318394,0
1998-01-09,7.8247,7.8979,7.6226,7.6869,2892453,0
1998-01-12,7.5951,7.7787,7.5491,7.7787,2485217,0
1998-01-13,7.8063,7.8063,7.6961,7.7692,1000010,0
1998-01-14,7.7881,7.8154,7.7056,7.7515,1540090,0
1998-01-15,7.7515,7.9349,7.742,7.8979,1798799,0
1998-01-16,7.9531,8.0176,7.9167,7.9349,1699930,0
1998-01-20,7.9349,8.0543,7.9349,8.0452,1959513,0
1998-01-21,8.0176,8.1739,8.0084,8.1005,2510043,0
1998-01-22,8.0912,8.2379,8.0816,8.2197,3641587,0
1998-01-23,8.2379,8.2747,8.1277,8.1552,1487822,0
1998-01-26,8.1552,8.2747,8.1552,8.2747,1848889,0
1998-01-27,8.339,8.5227,8.3298,8.4032,2172501,0
1998-01-28,8.4032,8.4124,8.2655,8.3572,2187737,0
1998-01-29,8.3114,8.4491,8.2931,8.3205,1710817,0
1998-01-30,8.3023,8.3298,8.1186,8.137,1824063,0
1998-02-02,8.2931,8.5503,8.2931,8.4949,3652041,0
1998-02-03,8.4675,8.4949,8.3664,8.4675,3108918,0
1998-02-04,8.4585,8.789,8.4585,8.7707,5876804,0
1998-02-05,8.8533,8.9177,8.7798,8.8625,4321909,0
1998-02-06,8.8349,8.9543,8.8167,8.8992,1621535,0
1998-02-09,8.9728,9.193,8.9636,9.193,2183388,0
1998-02-10,9.2295,9.2945,9.1197,9.166,3605875,0
1998-02-11,9.166,9.3497,9.166,9.2114,3463017,0
1998-02-12,9.2202,9.2665,9.1755,9.2577,2902035,0
1998-02-13,9.2945,9.3497,9.2016,9.3308,1750454,0
1998-02-17,9.3029,9.3211,9.2577,9.3211,4353705,0
1998-02-18,9.3029,9.3767,9.3029,9.3668,4434718,0
1998-02-19,9.3584,9.3668,9.3029,9.3584,1469092,0
1998-02-20,9.432,9.56,9.3941,9.533,2791408,0
1998-02-23,9.533,9.551,9.4696,9.533,1603675,0
1998-02-24,9.551,9.625,9.533,9.615,2505689,0
1998-02-25,9.634,9.8,9.615,9.708,2835831,0
1998-02-26,9.708,9.791,9.698,9.698,1526148,0
1998-02-27,9.69,9.69,9.606,9.681,1930335,0
1998-03-02,9.653,9.653,9.4965,9.615,3376341,0
1998-03-03,9.524,9.578,9.505,9.533,3034443,0
1998-03-04,9.514,9.514,9.2577,9.2665,3178171,0
1998-03-05,9.1472,9.193,8.9728,9.1197,5490478,0
1998-03-06,9.1755,9.3767,9.1104,9.2202,1766567,0
1998-03-09,9.2202,9.2295,9.0827,9.1289,2124155,0
1998-03-10,9.2016,9.2295,9.0646,9.0646,2240444,0
1998-03-11,9.0827,9.2114,9.0277,9.1755,2374590,0
1998-03-12,9.184,9.3851,9.166,9.2945,1192958,0
1998-03-13,9.3308,9.4497,9.3211,9.3407,2027461,0
1998-03-16,9.4409,9.514,9.3407,9.3668,2049239,0
1998-03-17,9.3941,9.4885,9.3941,9.4885,2064047,0
1998-03-18,9.4034,9.4785,9.3497,9.432,942518,0
1998-03-19,9.432,9.4965,9.3767,9.4231,1682077,0
1998-03-20,9.4409,9.4597,9.3941,9.432,1635036,0
1998-03-23,9.3668,9.3941,9.2945,9.2945,983892,0
1998-03-24,9.3029,9.3407,9.2202,9.2665,2170320,0
1998-03-25,9.2665,9.3497,9.166,9.2016,2129380,0
1998-03-26,9.1755,9.1755,8.9084,8.9636,3672511,0
1998-03-27,9.0004,9.1376,8.9452,9.1197,2054901,0
1998-03-30,9.0921,9.1197,9.0554,9.1104,1415521,0
1998-03-31,9.1472,9.3584,9.1376,9.2381,1580156,0
1998-04-01,9.2202,9.3497,9.2202,9.3497,1430766,0
1998-04-02,9.3211,9.653,9.3128,9.606,3383749,0
1998-04-03,9.681,9.9,9.634,9.762,3760493,0
1998-04-06,9.753,9.753,9.543,9.681,3363277,0
1998-04-07,9.681,9.681,9.578,9.643,2140267,0
1998-04-08,9.653,9.672,9.56,9.597,1107154,0
1998-04-09,9.634,9.69,9.578,9.634,2097585,0
1998-04-13,9.56,9.569,9.3851,9.4696,2534001,0
1998-04-14,9.4409,9.4696,9.3851,9.4497,2145928,0
1998-04-15,9.4497,9.681,9.4497,9.606,2052726,0
1998-04-16,9.606,9.606,9.3668,9.4497,2341055,0
1998-04-17,9.3941,9.3941,9.2665,9.3308,1830157,0
1998-04-20,9.3308,9.3497,9.2295,9.2381,2335393,0
1998-04-21,9.3029,9.3029,9.1755,9.2478,1769182,0
1998-04-22,9.2761,9.2945,9.1755,9.2016,2049673,0
1998-04-23,9.2114,9.2114,9.0004,9.0554,2016574,0
1998-04-24,9.0369,9.1472,8.8716,8.9452,2307080,0
1998-04-27,8.8811,8.8811,8.6147,8.6698,2450377,0
1998-04-28,8.7247,8.752,8.5503,8.6147,1517004,0
1998-04-29,8.6147,8.752,8.6147,8.752,1288779,0
1998-04-30,8.8349,8.9818,8.752,8.9728,1998713,0
1998-05-01,9.0369,9.0827,8.9909,9.0827,1310117,0
1998-05-04,9.1104,9.1569,9.0738,9.1104,1642437,0
1998-05-05,9.1197,9.166,9.0921,9.1472,1169001,0
1998-05-06,9.4034,9.4034,8.8992,8.9359,4471301,0
1998-05-07,9.1013,9.1013,8.9084,8.9818,3133310,0
1998-05-08,8.9818,9.0004,8.9177,8.9452,1737823,0
1998-05-11,8.9818,8.9909,8.8992,8.9359,1895491,0
1998-05-12,8.9359,8.9359,8.743,8.7981,5396836,0
1998-05-13,8.8349,8.8441,8.7064,8.7616,2342361,0
1998-05-14,8.688,8.743,8.6511,8.6698,1660297,0
1998-05-15,8.6605,8.6605,8.5503,8.5869,2016574,0
1998-05-18,8.5869,8.7156,8.5686,8.5962,2475201,0
1998-05-19,8.642,8.7156,8.6331,8.7156,4281841,0
1998-05-20,8.7707,8.8625,8.752,8.8257,4242207,0
1998-05-21,8.8811,8.9636,8.8716,8.9452,2569715,0
1998-05-22,8.9359,8.9636,8.9084,8.9452,1303583,0
1998-05-26,8.8992,8.8992,8.7798,8.7798,1644619,0
1998-05-27,8.7064,8.7707,8.5593,8.688,2321889,0
1998-05-28,8.752,8.8716,8.6789,8.7981,2308824,0
1998-05-29,8.789,8.8533,8.6698,8.6789,2557520,0
1998-06-01,8.6605,8.7981,8.6331,8.7156,1209071,0
1998-06-02,8.7156,8.8167,8.7064,8.752,1606290,0
1998-06-03,8.752,8.7981,8.7156,8.7339,878058,0
1998-06-04,8.7156,8.9359,8.7156,8.8625,1374146,0
1998-06-05,8.7707,8.8167,8.6147,8.7247,2731739,0
1998-06-08,8.7247,8.8441,8.7064,8.7156,901579,0
1998-06-09,8.7156,8.8349,8.7156,8.7981,826227,0
1998-06-10,8.7798,8.8441,8.7156,8.752,1349753,0
1998-06-11,8.7156,8.752,8.6331,8.642,1290957,0
1998-06-12,8.6051,8.642,8.3572,8.4217,3185139,0
1998-06-15,8.394,8.394,8.1644,8.1644,2562746,0
1998-06-16,8.1921,8.2379,8.0725,8.1462,3185572,0
1998-06-17,8.1552,8.2747,8.137,8.2287,2774856,0
1998-06-18,8.2747,8.3023,8.1921,8.2103,2268753,0
1998-06-19,8.2103,8.3023,8.1829,8.2379,2941233,0
1998-06-22,8.1005,8.1552,7.9167,7.9167,2591492,0
1998-06-23,7.9167,8.1277,7.9167,8.0634,4058841,0
1998-06-24,8.0912,8.3664,8.0912,8.2747,3561016,0
1998-06-25,8.3023,8.3205,8.137,8.1462,2212569,0
1998-06-26,8.2287,8.3023,8.1921,8.2473,1753067,0
1998-06-29,8.2562,8.4217,8.2562,8.339,1638954,0
1998-06-30,8.339,8.6236,8.339,8.4491,3019195,0
1998-07-01,8.5503,8.6331,8.5503,8.6051,2883744,0
1998-07-02,8.6147,8.7247,8.5869,8.5962,1722143,0
1998-07-06,8.6051,8.743,8.5319,8.5593,1509163,0
1998-07-07,8.6331,8.688,8.5778,8.6605,1616743,0
1998-07-08,8.642,8.642,8.541,8.6051,1642437,0
1998-07-09,8.6051,8.7064,8.5319,8.642,1587562,0
1998-07-10,8.6605,8.7707,8.6147,8.7156,1075361,0
1998-07-13,8.7156,8.8349,8.688,8.743,1183811,0
1998-07-14,8.743,9.0094,8.743,8.9177,2329294,0
1998-07-15,8.8898,8.9452,8.7981,8.7981,1815352,0
1998-07-16,8.752,8.789,8.6147,8.7247,1485643,0
1998-07-17,8.7798,8.8625,8.7616,8.8349,865426,0
1998-07-20,8.8625,8.8625,8.6698,8.6789,1137642,0
1998-07-21,8.7064,8.7798,8.4768,8.5043,1301410,0
1998-07-22,8.4861,8.5227,8.2655,8.2747,1626324,0
1998-07-23,8.3023,8.3023,7.9991,8.0176,3230872,0
1998-07-24,8.0359,8.2379,8.0359,8.0816,1525278,0
1998-07-27,8.0912,8.2839,7.9991,8.2747,2202986,0
1998-07-28,8.2379,8.2379,7.9257,7.9808,2446453,0
1998-07-29,7.9808,8.0634,7.9627,8.0084,1652893,0
1998-07-30,8.0176,8.0452,7.7881,7.8154,4021823,0
1998-07-31,7.8433,7.9072,7.6226,7.7143,2304033,0
1998-08-03,7.6961,7.7056,7.5124,7.5584,2521806,0
1998-08-04,7.5584,7.5584,7.237,7.246,1817965,0
1998-08-05,7.5124,8.0543,7.5124,7.7692,9704376,0
1998-08-06,7.6777,7.9257,7.4849,7.6869,7408615,0
1998-08-07,7.7692,7.7692,7.6409,7.6409,3156392,0
1998-08-10,7.6318,7.7236,7.448,7.448,2712139,0
1998-08-11,7.246,7.494,7.237,7.494,3414672,0
1998-08-12,7.5855,7.6961,7.5769,7.5951,3398120,0
1998-08-13,7.5855,7.5951,7.5124,7.5216,2845416,0
1998-08-14,7.5855,7.5951,7.4391,7.5124,2393752,0
1998-08-17,7.5124,7.5491,7.5124,7.54,1814914,0
1998-08-18,7.54,7.5951,7.5124,7.54,2281818,0
1998-08-19,7.5676,7.5951,7.5124,7.5491,2613267,0
1998-08-20,7.54,7.6596,7.4572,7.5584,3697340,0
1998-08-21,7.4572,7.5769,7.448,7.5769,2537485,0
1998-08-24,7.5951,7.6777,7.5031,7.5491,1919883,0
1998-08-25,7.6043,7.6596,7.5584,7.5951,1817092,0
1998-08-26,7.5584,7.6318,7.4849,7.531,1351932,0
1998-08-27,7.5031,7.5124,7.0898,7.1911,2938186,0
1998-08-28,7.1358,7.1816,7.0074,7.0074,1830598,0
1998-08-31,7.0719,7.0807,6.6948,6.6948,2345844,0
1998-09-01,6.8512,7.2184,6.8143,7.1911,4576268,0
1998-09-02,7.1635,7.3654,7.1541,7.2646,2344102,0
1998-09-03,7.246,7.246,7.0074,7.1816,2942107,0
1998-09-04,7.2184,7.3103,7.2092,7.237,1890700,0
1998-09-08,7.3654,7.4665,7.3195,7.3839,1981295,0
1998-09-09,7.3746,7.3746,7.2646,7.2736,1879811,0
1998-09-10,7.1816,7.1816,6.8972,7.0074,5494397,0
1998-09-11,6.9614,7.2736,6.9247,7.2736,2846286,0
1998-09-14,7.329,7.7604,7.329,7.6684,2162481,0
1998-09-15,7.6318,7.6502,7.54,7.6409,1841049,0
1998-09-16,7.6596,7.7056,7.6043,7.6869,1467351,0
1998-09-17,7.6596,7.9627,7.5491,7.8433,2324941,0
1998-09-18,7.8522,7.9072,7.8433,7.8891,4325831,0
1998-09-21,7.8063,8.1092,7.7329,8.1092,3436447,0
1998-09-22,8.1277,8.2839,8.1277,8.2747,3648994,0
1998-09-23,8.2747,8.339,8.1552,8.3298,2529206,0
1998-09-24,8.2931,8.3758,8.2839,8.3298,1851501,0
1998-09-25,8.2747,8.339,8.2747,8.3298,1919009,0
1998-09-28,8.3114,8.3851,8.2287,8.2287,1438606,0
1998-09-29,8.1829,8.2103,8.0268,8.0634,1692090,0
1998-09-30,8.0359,8.0725,7.7329,7.742,2236086,0
1998-10-01,7.5676,7.6684,7.3195,7.3195,3832359,0
1998-10-02,7.2921,7.531,7.2921,7.3473,3692114,0
1998-10-05,7.3195,7.3378,7.2555,7.3103,2904213,0
1998-10-06,7.329,7.5951,7.3103,7.4757,1298359,0
1998-10-07,7.4757,7.4849,7.2092,7.246,2362396,0
1998-10-08,7.0993,7.1911,6.9799,7.0807,2800552,0
1998-10-09,7.1086,7.3378,7.0074,7.329,1579287,0
1998-10-12,7.3654,7.5951,7.3654,7.5584,1687735,0
1998-10-13,7.5584,7.6409,7.4572,7.494,1163776,0
1998-10-14,7.4391,7.5951,7.4298,7.448,2936007,0
1998-10-15,7.3654,7.531,7.3103,7.448,3363713,0
1998-10-16,7.4665,7.54,7.3746,7.4391,3137229,0
1998-10-19,7.448,7.5124,7.246,7.3195,2901166,0
1998-10-20,7.329,7.5584,7.329,7.4665,4444300,0
1998-10-21,7.4572,7.54,7.4019,7.5124,3398987,0
1998-10-22,7.5124,7.5124,7.4114,7.448,3109789,0
1998-10-23,7.4114,7.4298,7.2736,7.3654,3991771,0
1998-10-26,7.3473,7.6226,7.3473,7.448,3404653,0
1998-10-27,7.448,7.5124,7.3654,7.5124,3211706,0
1998-10-28,7.4757,7.4849,7.3473,7.3839,1066212,0
1998-10-29,7.4298,7.9717,7.4298,7.9257,5047095,0
1998-10-30,8.0912,8.431,8.0452,8.3298,4920785,0
1998-11-02,8.3758,8.7616,8.3758,8.642,3904658,0
1998-11-03,8.6051,8.9267,8.6051,8.7616,3079738,0
1998-11-04,8.9267,9.1569,8.6331,8.8257,7642941,0
1998-11-05,8.6789,9.0921,8.6605,9.0185,4373307,0
1998-11-06,8.9452,9.1376,8.9177,9.0094,1912477,0
1998-11-09,9.0185,9.0185,8.9267,8.9636,1710817,0
1998-11-10,8.9267,8.9636,8.7981,8.8167,2747418,0
1998-11-11,8.8167,8.8716,8.6051,8.6147,3308835,0
1998-11-12,8.6051,8.697,8.4861,8.5043,3632006,0
1998-11-13,8.5319,8.6051,8.4675,8.4861,2338440,0
1998-11-16,8.5043,8.6789,8.5043,8.6331,2307080,0
1998-11-17,8.642,8.8441,8.6147,8.697,1837563,0
1998-11-18,8.6511,8.8625,8.5319,8.8533,1700368,0
1998-11-19,8.8533,8.9728,8.789,8.9267,1775283,0
1998-11-20,8.9728,9.0738,8.9636,9.0004,2774856,0
1998-11-23,9.0277,9.2381,8.9452,9.166,2697766,0
1998-11-24,9.1472,9.2381,9.1472,9.166,2197761,0
1998-11-25,9.1755,9.1755,8.9452,8.9543,1201669,0
1998-11-27,8.9818,9.0185,8.8716,8.9543,706019,0
1998-11-30,8.9267,8.9452,8.6331,8.6331,1986084,0
1998-12-01,8.5778,8.8257,8.5593,8.7798,2186000,0
1998-12-02,8.752,8.9267,8.7247,8.8716,2384173,0
1998-12-03,8.8716,8.8811,8.6789,8.7616,2424673,0
1998-12-04,8.7616,8.9267,8.7247,8.8811,2081470,0
1998-12-07,8.8992,9.2295,8.8992,9.1569,4263551,0
1998-12-08,9.1376,9.1569,9.0554,9.1472,3225212,0
1998-12-09,9.1472,9.1472,8.9909,9.0185,2258736,0
1998-12-10,9.0277,9.2665,8.743,8.8441,7972210,0
1998-12-11,8.7981,8.7981,8.5043,8.7339,3317979,0
1998-12-14,8.5962,8.6605,8.5043,8.6236,2482606,0
1998-12-15,8.6236,8.7064,8.6147,8.688,2106729,0
1998-12-16,8.7064,8.8533,8.6236,8.7616,1636778,0
1998-12-17,8.7156,8.9728,8.7156,8.9543,2063177,0
1998-12-18,9.0461,9.0827,8.8533,8.9084,2726510,0
1998-12-21,8.8811,9.1289,8.8716,8.8716,3088013,0
1998-12-22,8.8625,8.9818,8.789,8.8898,1826241,0
1998-12-23,8.9452,9.0827,8.8441,8.8811,1665957,0
1998-12-24,8.8625,8.8898,8.8073,8.8625,433804,0
1998-12-28,8.8441,8.8898,8.7064,8.8533,1540524,0
1998-12-29,8.8625,9.1104,8.8441,9.0277,1741744,0
1998-12-30,9.0185,9.0277,8.8811,8.9084,1245657,0
1998-12-31,8.9177,9.0554,8.7798,8.7798,1745230,0
1999-01-04,8.8716,9.1013,8.8716,8.9359,2335393,0
1999-01-05,8.9267,9.2016,8.8992,9.166,3470422,0
1999-01-06,9.2381,9.4785,9.2202,9.4785,3430785,0
1999-01-07,9.3941,9.881,9.3941,9.854,5406853,0
1999-01-08,9.909,10.047,9.809,10.028,3386795,0
1999-01-11,10.019,10.119,9.9,10.038,4360675,0
1999-01-12,10.001,10.038,9.928,9.938,1831028,0
1999-01-13,9.827,9.872,9.672,9.827,2556647,0
1999-01-14,9.827,9.827,9.4497,9.4696,2922508,0
1999-01-15,9.4785,9.653,9.4497,9.653,2603253,0
1999-01-19,9.698,9.827,9.588,9.791,2311438,0
1999-01-20,9.818,9.818,9.543,9.543,2895938,0
1999-01-21,9.4885,9.533,9.1569,9.1569,3807532,0
1999-01-22,9.1569,9.2202,9.0554,9.1569,2788357,0
1999-01-25,9.1569,9.2848,9.0461,9.2016,2063177,0
1999-01-26,9.2016,9.3308,9.2016,9.3029,1785735,0
1999-01-27,9.3584,9.4409,9.3211,9.3211,1685994,0
1999-01-28,9.4034,9.791,9.3668,9.753,2368492,0
1999-01-29,9.947,10.232,9.8,10.085,2815362,0
1999-02-01,10.184,10.184,9.634,9.653,3064061,0
1999-02-02,9.672,9.708,9.3128,9.3497,1665084,0
1999-02-03,9.3584,9.4034,9.2478,9.2848,2254814,0
1999-02-04,9.2848,9.3308,9.193,9.2478,3095417,0
1999-02-05,9.2478,9.2848,8.9909,9.0094,2196016,0
1999-02-08,9.0369,9.1472,9.0185,9.0554,2833654,0
1999-02-09,9.0554,9.0554,8.6789,8.6789,3754396,0
1999-02-10,8.6789,8.7156,8.5503,8.688,3859362,0
1999-02-11,8.697,8.7981,8.6236,8.7707,2835399,0
1999-02-12,8.7707,8.8716,8.5593,8.7339,2091486,0
1999-02-16,8.7339,9.0921,8.7339,8.9636,2702992,0
1999-02-17,8.9818,9.0185,8.7339,8.752,2101941,0
1999-02-18,8.8167,8.8625,8.697,8.752,2035298,0
1999-02-19,8.7616,8.7707,8.5593,8.6147,2810570,0
1999-02-22,8.6147,8.9543,8.5778,8.789,2523545,0
1999-02-23,8.7798,8.7798,8.4217,8.642,2701686,0
1999-02-24,8.642,8.8716,8.6147,8.6331,1829288,0
1999-02-25,8.6147,8.6331,8.4217,8.5869,2951250,0
1999-02-26,8.5869,8.5869,8.2562,8.2931,2414662,0
1999-03-01,8.2839,8.339,8.0912,8.3114,2763970,0
1999-03-02,8.4124,8.688,8.4124,8.5962,1945142,0
1999-03-03,8.5686,8.7247,8.5319,8.6698,1747842,0
1999-03-04,8.688,8.697,8.5319,8.642,1817965,0
1999-03-05,8.7339,8.7707,8.5778,8.688,1682077,0
1999-03-08,8.697,8.7339,8.5043,8.5962,1657248,0
1999-03-09,8.5869,8.697,8.5319,8.6331,2354119,0
1999-03-10,8.6331,8.8898,8.5686,8.8167,1656376,0
1999-03-11,8.8441,9.1197,8.8441,8.9267,1731292,0
1999-03-12,8.9543,9.0094,8.8533,8.9359,2412046,0
1999-03-15,9.0646,9.166,8.9728,9.166,2065790,0
1999-03-16,9.2945,9.2945,9.1104,9.2295,2388963,0
1999-03-17,9.2295,9.2577,9.0827,9.2114,1100186,0
1999-03-18,9.184,9.2202,9.1104,9.2202,1135466,0
1999-03-19,9.2295,9.2665,9.0738,9.0827,1821447,0
1999-03-22,9.0738,9.2295,8.9543,9.1755,1699930,0
1999-03-23,9.1755,9.2016,8.9636,9.0094,2028765,0
1999-03-24,8.9818,9.1472,8.9636,9.0277,2225197,0
1999-03-25,9.0554,9.1472,8.8533,8.9267,2090181,0
1999-03-26,8.9084,9.0185,8.789,8.9728,1391568,0
1999-03-29,9.193,9.2945,9.1197,9.166,2522240,0
1999-03-30,9.193,9.2016,8.9728,9.1197,1461688,0
1999-03-31,9.1472,9.3128,9.1197,9.2945,3165106,0
1999-04-01,9.3497,9.3584,9.2478,9.3211,2290967,0
1999-04-05,9.2945,9.4409,9.2577,9.4409,1958210,0
1999-04-06,9.4034,9.4597,9.0461,9.0921,2158127,0
1999-04-07,9.1472,9.1472,8.9728,9.0094,1933384,0
1999-04-08,8.8441,8.8811,8.6331,8.7339,6049718,0
1999-04-09,8.8167,8.9543,8.7339,8.7981,2135480,0
1999-04-12,8.8811,8.9359,8.7981,8.9084,1642004,0
1999-04-13,8.8811,8.8811,8.7798,8.8349,2635481,0
1999-04-14,8.8441,8.9084,8.7707,8.7707,2060130,0
1999-04-15,8.7798,8.8073,8.5778,8.6147,2008731,0
1999-04-16,8.6331,8.6605,8.4491,8.5319,2673373,0
1999-04-19,8.5319,8.7064,8.4491,8.4861,4392903,0
1999-04-20,8.5778,8.7798,8.4491,8.7247,2151154,0
1999-04-21,8.8811,8.9636,8.789,8.9543,4211715,0
1999-04-22,8.9543,9.1197,8.8716,9.0004,1622843,0
1999-04-23,8.9909,9.543,8.9909,9.4409,2827557,0
1999-04-26,9.4409,9.4597,9.1755,9.184,1853676,0
1999-04-27,9.2114,9.2202,9.0738,9.166,3372858,0
1999-04-28,9.653,10.487,9.606,10.323,13710516,0
1999-04-29,10.351,10.441,9.791,9.909,9967006,0
1999-04-30,9.9,10.001,9.708,9.837,3488277,0
1999-05-03,9.762,10.342,9.762,10.268,4002657,0
1999-05-04,10.212,10.369,10.094,10.147,2315355,0
1999-05-05,10.147,10.497,10.066,10.497,2605861,0
1999-05-06,10.506,10.534,10.333,10.478,2546630,0
1999-05-07,10.478,10.79,10.478,10.663,3192979,0
1999-05-10,10.671,11.204,10.671,11.13,5373319,0
1999-05-11,11.13,11.204,10.709,10.883,13339430,0
1999-05-12,10.883,11.066,10.781,10.975,3733489,0
1999-05-13,10.994,11.04,10.772,10.819,1683817,0
1999-05-14,10.709,10.8,10.506,10.553,2580603,0
1999-05-17,10.45,10.515,10.258,10.432,3138102,0
1999-05-18,10.407,10.709,10.323,10.398,1901588,0
1999-05-19,10.388,10.984,10.388,10.745,3161182,0
1999-05-20,10.709,11.094,10.45,10.994,3905094,0
1999-05-21,10.994,11.13,10.965,11.048,2466491,0
1999-05-24,10.994,11.076,10.515,10.617,2513965,0
1999-05-25,10.432,10.515,10.222,10.398,3863284,0
1999-05-26,10.398,10.398,10.038,10.128,3469116,0
1999-05-27,10.104,10.305,10.057,10.203,1970404,0
1999-05-28,10.174,10.212,10.001,10.184,1836695,0
1999-06-01,10.166,10.286,9.928,10.286,1535733,0
1999-06-02,10.286,10.478,10.286,10.441,3059702,0
1999-06-03,10.424,10.424,10.212,10.286,2211261,0
1999-06-04,10.305,10.314,10.128,10.203,1714737,0
1999-06-07,10.212,10.571,10.203,10.468,2294015,0
1999-06-08,10.432,10.561,10.407,10.543,2114134,0
1999-06-09,10.663,10.663,10.478,10.588,2290531,0
1999-06-10,10.515,10.571,10.424,10.561,2514838,0
1999-06-11,10.487,10.736,10.487,10.534,2065790,0
1999-06-14,10.598,10.847,10.534,10.81,2603253,0
1999-06-15,10.772,10.856,10.45,10.598,2635481,0
1999-06-16,10.728,10.8,10.598,10.625,1870230,0
1999-06-17,10.653,10.901,10.607,10.829,2052288,0
1999-06-18,10.459,10.534,10.276,10.497,6326723,0
1999-06-21,10.468,10.571,10.378,10.478,3402910,0
1999-06-22,10.515,10.534,10.047,10.066,2906389,0
1999-06-23,10.128,10.416,9.965,10.407,3413798,0
1999-06-24,10.323,10.323,10.128,10.212,2996983,0
1999-06-25,10.057,10.156,9.837,9.984,3292284,0
1999-06-28,10.001,10.128,9.909,9.909,2972154,0
1999-06-29,9.919,10.038,9.872,10.038,3533574,0
1999-06-30,10.038,10.119,9.872,10.038,3018761,0
1999-07-01,9.928,10.028,9.891,9.947,1607595,0
1999-07-02,9.928,10.094,9.9,10.01,1972582,0
1999-07-06,9.984,10.01,9.791,9.837,3364584,0
1999-07-07,9.862,9.862,9.3767,9.643,4211283,0
1999-07-08,9.643,10.028,9.643,9.891,3940810,0
1999-07-09,9.762,9.956,9.716,9.947,2463442,0
1999-07-12,9.846,9.862,9.743,9.818,3136795,0
1999-07-13,9.791,9.8,9.653,9.662,2207778,0
1999-07-14,9.672,9.708,9.505,9.625,2534872,0
1999-07-15,9.69,9.846,9.69,9.772,4446044,0
1999-07-16,9.743,9.818,9.69,9.698,1956903,0
1999-07-19,9.708,9.854,9.708,9.762,1686429,0
1999-07-20,9.772,9.947,9.762,9.872,2147673,0
1999-07-21,9.9,9.9,9.543,9.597,1950804,0
1999-07-22,9.653,9.791,9.615,9.615,1820140,0
1999-07-23,9.653,9.743,9.56,9.588,1262644,0
1999-07-26,9.56,9.846,9.543,9.809,1507856,0
1999-07-27,9.818,9.984,9.708,9.781,1584075,0
1999-07-28,9.753,9.809,9.625,9.625,907239,0
1999-07-29,9.543,9.672,9.3584,9.4231,2026590,0
1999-07-30,9.4497,9.4885,9.1755,9.2202,2363266,0
1999-08-02,9.2761,9.4497,9.2665,9.3308,2378947,0
1999-08-03,9.3308,9.3767,8.9177,8.9818,3374165,0
1999-08-04,9.0369,9.1569,8.9359,9.0185,2670758,0
1999-08-05,9.0646,9.4696,9.0646,9.4497,2946896,0
1999-08-06,9.4231,9.4785,9.0369,9.1755,3378522,0
1999-08-09,9.2016,9.2381,9.0827,9.1376,2163787,0
1999-08-10,9.1472,9.1569,9.0646,9.0646,2574069,0
1999-08-11,9.0646,9.1472,9.0094,9.0827,1365868,0
1999-08-12,9.1104,9.1755,9.0646,9.0738,1758730,0
1999-08-13,9.0461,9.0738,8.8257,8.8898,2053593,0
1999-08-16,8.9177,9.0277,8.8625,8.9728,1472138,0
1999-08-17,8.9728,9.1472,8.9728,9.0738,1762217,0
1999-08-18,9.1013,9.1013,8.8716,8.8811,1250013,0
1999-08-19,8.8533,8.8533,8.7247,8.7981,1532246,0
1999-08-20,8.8073,8.8073,8.6147,8.7798,2342795,0
1999-08-23,8.7981,9.0646,8.7981,8.9177,1892441,0
1999-08-24,8.9359,9.0646,8.9359,9.0185,1553587,0
1999-08-25,9.1013,9.1755,8.9909,9.0921,1662909,0
1999-08-26,9.0094,9.0554,8.6698,8.6698,2295754,0
1999-08-27,8.7339,9.2202,8.688,9.1013,4274001,0
1999-08-30,8.9909,9.0461,8.9452,8.9728,2642012,0
1999-08-31,8.9728,8.9909,8.7064,8.743,2153769,0
1999-09-01,8.7616,8.9452,8.752,8.8625,898093,0
1999-09-02,8.8441,8.8441,8.7247,8.743,1944705,0
1999-09-03,8.8441,9.0185,8.8441,9.0094,1449495,0
1999-09-07,8.9728,8.9728,8.8073,8.9359,884594,0
1999-09-08,8.9084,9.0185,8.8441,8.9818,1178584,0
1999-09-09,8.9359,8.9359,8.4861,8.6605,3937328,0
1999-09-10,8.6789,8.688,8.5319,8.541,2236960,0
1999-09-13,8.541,8.5869,8.3572,8.3758,2394192,0
1999-09-14,8.3205,8.4768,8.2473,8.2839,2508301,0
1999-09-15,8.3205,8.6331,8.3205,8.4861,3829746,0
1999-09-16,8.4861,8.5962,8.394,8.5503,1642875,0
1999-09-17,8.5686,8.6605,8.5503,8.5686,2368927,0
1999-09-20,8.5686,8.5686,8.3483,8.3664,2785746,0
1999-09-21,8.2562,8.2839,7.88,7.9531,3405526,0
1999-09-22,7.9808,8.0359,7.6409,7.8339,4004835,0
1999-09-23,7.8339,7.9441,7.6409,7.8522,2759175,0
1999-09-24,7.8522,7.9441,7.8433,7.8704,3995252,0
1999-09-27,7.9441,7.9531,7.4849,7.531,4205621,0
1999-09-28,6.9706,6.9706,6.75,6.9429,15468372,0
1999-09-29,6.8605,6.8787,6.6306,6.7136,11347682,0
1999-09-30,6.3551,6.3828,5.4001,5.538,26661004,0
1999-10-01,5.4001,5.8501,5.2254,5.7675,23669245,0
1999-10-04,5.7401,5.7582,5.5562,5.5841,13185247,0
1999-10-05,5.5103,5.6941,5.4278,5.6756,11740110,0
1999-10-06,5.7401,5.9419,5.7033,5.9052,13955725,0
1999-10-07,5.9327,6.0611,5.841,5.9237,8009670,0
1999-10-08,5.9237,6.0338,5.8041,5.9052,6706084,0
1999-10-11,5.9052,5.9603,5.8593,5.9327,6167751,0
1999-10-12,5.8777,6.0155,5.8777,5.9052,3531833,0
1999-10-13,5.7401,5.8501,5.7401,5.8041,5639433,0
1999-10-14,5.7401,6.098,5.7216,6.0705,8871612,0
1999-10-15,5.8593,5.9787,5.7401,5.9514,8430407,0
1999-10-18,5.9052,6.0611,5.7765,6.0246,3941684,0
1999-10-19,6.0611,6.1535,5.8593,5.8777,4457366,0
1999-10-20,5.8501,5.9237,5.7765,5.7952,3618940,0
1999-10-21,5.6845,5.9327,5.6845,5.7952,4288810,0
1999-10-22,5.7952,5.8501,5.7033,5.7033,6522718,0
1999-10-25,5.6756,5.7033,5.6206,5.6479,8338506,0
1999-10-26,5.6115,5.6573,5.5285,5.538,5978292,0
1999-10-27,5.5746,5.7952,5.5656,5.7765,7889023,0
1999-10-28,5.5841,5.7216,5.3361,5.4734,17574235,0
1999-10-29,5.4829,5.8041,5.4093,5.6756,8444341,0
1999-11-01,5.6756,6.0889,5.6756,5.8593,7823258,0
1999-11-02,5.9787,6.2818,5.9603,6.2081,8947830,0
1999-11-03,6.4195,6.4195,6.043,6.098,6453466,0
1999-11-04,6.1256,6.1349,5.8593,5.896,11351170,0
1999-11-05,5.9787,6.0338,5.8593,6.0338,6951299,0
1999-11-08,6.4746,6.6859,6.3367,6.5114,8987904,0
1999-11-09,6.5114,6.5481,6.2724,6.346,4765296,0
1999-11-10,6.3186,6.447,6.2634,6.3367,3257874,0
1999-11-11,6.3551,6.4288,6.328,6.3921,2960397,0
1999-11-12,6.4195,6.4929,6.3921,6.4653,3165973,0
1999-11-15,6.4653,6.5571,6.4379,6.5389,3641156,0
1999-11-17,6.6948,6.888,6.6216,6.8419,6966973,0
1999-11-18,6.8419,6.8512,6.6216,6.6583,5205197,0
1999-11-19,6.6216,6.6306,6.3921,6.4288,5200404,0
1999-11-22,6.4564,6.4564,6.1994,6.346,3925129,0
1999-11-23,6.346,6.346,6.1807,6.2081,2780517,0
1999-11-24,6.2175,6.3644,6.1623,6.1994,4747436,0
1999-11-26,6.1716,6.2634,6.1716,6.2267,1365868,0
1999-11-29,6.1994,6.2541,6.1535,6.1623,3038795,0
1999-11-30,6.1807,6.3003,6.1623,6.1623,5309289,0
1999-12-01,6.1716,6.2359,6.0525,6.1623,3227823,0
1999-12-02,6.3186,6.5481,6.2267,6.5206,7336753,0
1999-12-03,6.7594,6.7778,6.6032,6.7778,4946482,0
1999-12-06,6.7778,6.7778,6.6216,6.6859,3521815,0
1999-12-07,6.6859,6.6948,6.3186,6.3186,4013547,0
1999-12-08,6.3551,6.4106,6.2359,6.346,4037935,0
1999-12-09,6.4195,6.4288,6.1349,6.1623,5794490,0
1999-12-10,6.043,6.0889,5.9603,5.988,5410338,0
1999-12-13,5.9968,6.1899,5.9968,6.098,4411635,0
1999-12-14,6.043,6.098,6.0063,6.0155,3179477,0
1999-12-15,5.9787,6.0063,5.9603,5.9787,2989143,0
1999-12-16,5.9695,5.9787,5.8227,5.9145,6617232,0
1999-12-17,5.9419,5.9419,5.8041,5.8132,5500062,0
1999-12-20,5.6573,5.7033,5.5746,5.6206,7080217,0
1999-12-21,5.6479,5.9327,5.6479,5.7765,3500473,0
1999-12-22,5.7675,6.2081,5.7582,6.1716,5251799,0
1999-12-23,6.2267,6.2634,6.098,6.1164,3188622,0
1999-12-27,6.1164,6.2451,6.1164,6.1535,2499155,0
1999-12-28,6.1623,6.2359,6.1349,6.2175,1502634,0
1999-12-29,6.1623,6.2267,6.1074,6.1535,1354980,0
1999-12-30,6.1535,6.2818,6.1349,6.2634,1090167,0
1999-12-31,6.2359,6.3092,6.2359,6.3003,1003495,0
2000-01-03,6.2541,6.3003,6.2175,6.2724,3141586,0
2000-01-04,6.2081,6.2175,6.1349,6.1623,7346333,0
2000-01-05,6.1623,6.2541,6.1256,6.1256,3677742,0
2000-01-06,6.1256,6.1716,6.0705,6.1349,9308469,0
2000-01-07,6.1256,6.5663,6.1256,6.5389,10106817,0
2000-01-10,6.4106,6.4288,6.3551,6.4195,5993095,0
2000-01-11,6.4195,6.6216,6.3644,6.4195,5499625,0
2000-01-12,6.4929,6.5848,6.3921,6.401,2839316,0
2000-01-13,6.4288,6.5481,6.3551,6.4653,3533140,0
2000-01-14,6.4653,6.4839,6.328,6.3551,3924257,0
2000-01-18,6.3003,6.4195,6.2634,6.3551,3321029,0
2000-01-19,6.3367,6.4288,6.3186,6.3186,2753949,0
2000-01-20,6.3367,6.3551,6.2818,6.2818,2997418,0
2000-01-21,6.3186,6.3186,6.2634,6.2818,3280088,0
2000-01-24,6.3186,6.3186,6.2359,6.2541,3367635,0
2000-01-25,6.2818,6.2818,6.2267,6.2451,4015287,0
2000-01-26,6.2724,6.2909,6.2359,6.2634,2618934,0
2000-01-27,6.3186,6.3367,6.0338,6.0705,2819719,0
2000-01-28,6.0797,6.1349,6.0338,6.0611,2444717,0
2000-01-31,6.0338,6.0611,6.0063,6.0338,2165966,0
2000-02-01,6.2175,6.5571,6.1807,6.4195,7632486,0
2000-02-02,6.401,6.4288,6.1994,6.2724,4802754,0
2000-02-03,6.3003,6.328,6.2451,6.3186,3213450,0
2000-02-04,6.2909,6.401,6.2634,6.346,2093664,0
2000-02-07,6.3186,6.4746,6.2724,6.3186,3148988,0
2000-02-08,5.547,5.6573,5.1797,5.2075,21970188,0
2000-02-09,5.1797,5.1797,4.647,4.8217,17716659,0
2000-02-10,4.7665,4.8123,4.4724,4.5554,17952285,0
2000-02-11,4.592,4.6656,4.5094,4.5279,8181273,0
2000-02-14,4.5279,4.6381,4.399,4.4175,7070636,0
2000-02-15,4.4449,4.5554,4.3716,4.5279,5934295,0
2000-02-16,4.5554,4.8491,4.5367,4.693,5750934,0
2000-02-17,4.6656,4.7478,4.5461,4.5642,3443418,0
2000-02-18,4.5094,4.5461,4.3624,4.3806,3765285,0
2000-02-22,4.3806,4.5094,4.3716,4.4449,2730867,0
2000-02-23,4.4082,4.6195,4.3624,4.5554,5423836,0
2000-02-24,4.592,4.6656,4.4082,4.592,6681694,0
2000-02-25,4.693,4.8676,4.4543,4.6656,14593364,0
2000-02-28,4.6288,4.6747,4.4175,4.4724,7408181,0
2000-02-29,4.7573,4.7573,4.5094,4.6656,6329337,0
2000-03-01,4.7389,6.2359,4.6747,6.0063,17063338,0
2000-03-02,6.5759,7.0074,6.2724,6.328,29900585,0
2000-03-03,6.4564,6.5389,6.0338,6.0525,11158224,0
2000-03-06,6.0611,6.0611,5.7765,5.841,4486981,0
2000-03-07,5.841,5.8869,5.6668,5.8041,5807989,0
2000-03-08,5.7858,6.2359,5.7216,6.1349,4792299,0
2000-03-09,6.2359,6.5481,6.1535,6.4564,9314999,0
2000-03-10,6.4564,6.649,6.1994,6.346,7222204,0
2000-03-13,5.5841,5.9327,5.3269,5.7491,11969208,0
2000-03-14,5.7765,6.1074,5.6668,5.8041,10077200,0
2000-03-15,5.841,5.8777,5.5928,5.7765,5547533,0
2000-03-16,5.7952,6.0797,5.7675,6.0797,3951260,0
2000-03-17,6.0797,6.3737,5.9968,6.1164,6696502,0
2000-03-20,6.1441,6.1716,5.9514,6.0246,2496979,0
2000-03-21,6.0246,6.0246,5.8041,5.8869,5179063,0
2000-03-22,5.9052,6.1074,5.8593,6.0797,2628079,0
2000-03-23,6.0063,6.2541,5.9603,6.2359,4116768,0
2000-03-24,6.1441,6.4564,6.1349,6.4564,4058841,0
2000-03-27,6.4564,6.4564,6.1349,6.3003,4015723,0
2000-03-28,6.1716,6.3921,6.1256,6.3186,3103691,0
2000-03-29,6.2359,6.2909,6.0063,6.0611,2922069,0
2000-03-30,6.0155,6.1164,5.9237,6.0063,4374615,0
2000-03-31,6.1164,6.3367,6.1164,6.2909,4902494,0
2000-04-03,6.3186,6.5481,6.3003,6.447,5125489,0
2000-04-04,6.4288,6.5389,6.0155,6.4106,7351126,0
2000-04-05,6.3003,6.5663,6.1349,6.4564,4164681,0
2000-04-06,6.4288,6.6032,6.2724,6.4288,3831489,0
2000-04-07,6.4288,6.5022,6.2541,6.4288,5400754,0
2000-04-10,6.401,6.6859,6.3551,6.5848,3915547,0
2000-04-11,6.5848,6.7961,6.5389,6.6032,6398153,0
2000-04-12,6.5759,6.6768,6.401,6.4379,4865471,0
2000-04-13,6.4653,6.5571,6.3003,6.4929,3069280,0
2000-04-14,6.4929,6.4929,5.9237,6.0611,4456495,0
2000-04-17,6.0338,6.0889,5.841,5.9237,2500897,0
2000-04-18,5.9237,6.0338,5.8593,5.9968,1818835,0
2000-04-19,5.9787,6.1623,5.9514,6.0338,1902024,0
2000-04-20,6.0155,6.2541,6.0063,6.1623,3466937,0
2000-04-24,6.0797,6.401,6.0525,6.3551,2258736,0
2000-04-25,6.3921,6.5571,6.1994,6.2724,3333225,0
2000-04-26,6.3644,6.447,6.2359,6.2724,2615880,0
2000-04-27,6.4288,6.8143,6.3092,6.8143,7647731,0
2000-04-28,6.7043,6.7686,6.3921,6.5848,5642921,0
2000-05-01,6.4288,6.6402,6.2909,6.594,4078440,0
2000-05-02,6.6306,6.6676,6.4106,6.4929,3034874,0
2000-05-03,6.5114,6.5114,6.3092,6.3367,2357604,0
2000-05-04,6.3644,6.3921,6.3092,6.328,1702983,0
2000-05-05,6.328,6.4564,6.328,6.4106,1045307,0
2000-05-08,6.401,6.6402,6.401,6.594,3577130,0
2000-05-09,6.594,6.6768,6.594,6.649,3797519,0
2000-05-10,6.7043,6.7778,6.6216,6.649,3213015,0
2000-05-11,6.6676,6.6768,6.5481,6.5848,1125012,0
2000-05-12,6.5389,6.7043,6.5389,6.6859,1659425,0
2000-05-15,6.6859,7.0442,6.6583,6.888,6396412,0
2000-05-16,6.9339,6.989,6.7411,6.7778,3411623,0
2000-05-17,6.7225,6.8143,6.6032,6.6768,1977808,0
2000-05-18,6.6859,6.75,6.6768,6.7043,2647243,0
2000-05-19,6.6402,7.0167,6.6306,7.0167,5082807,0
2000-05-22,7.0807,7.6043,7.0256,7.54,10049325,0
2000-05-23,7.531,7.5676,7.2646,7.3103,5321921,0
2000-05-24,7.4019,7.5769,7.237,7.3378,4672089,0
2000-05-25,7.3473,7.4207,7.2646,7.3933,4020081,0
2000-05-26,7.4207,7.5031,7.2736,7.2828,3059265,0
2000-05-30,7.3103,7.5031,7.0898,7.1265,6290138,0
2000-05-31,7.0993,7.8433,7.0256,7.5951,12748831,0
2000-06-01,7.9072,7.9531,7.742,7.7971,5704767,0
2000-06-02,7.6777,7.9072,7.6596,7.8433,7118542,0
2000-06-05,7.7329,7.8614,7.5031,7.54,3176428,0
2000-06-06,7.5584,7.7604,7.5584,7.7515,4625049,0
2000-06-07,7.7143,7.7143,7.5584,7.6777,3836279,0
2000-06-08,7.6777,7.6777,7.3933,7.5031,2297936,0
2000-06-09,7.6777,7.6961,7.6043,7.6596,1544438,0
2000-06-12,7.8891,8.3758,7.8704,8.3664,11074597,0
2000-06-13,8.3758,8.3758,8.1005,8.1739,5442135,0
2000-06-14,8.1829,8.3114,8.1739,8.2562,2346280,0
2000-06-15,8.2287,8.3664,8.1921,8.3483,2138960,0
2000-06-16,8.2197,8.2931,7.7604,7.9072,7137274,0
2000-06-19,7.5951,7.8154,7.4207,7.7236,7271421,0
2000-06-20,7.7329,7.8339,7.7329,7.7787,2813621,0
2000-06-21,7.7787,7.7787,7.6226,7.6684,3181219,0
2000-06-22,7.6043,7.6134,7.3933,7.531,3131567,0
2000-06-23,7.5031,7.6502,7.4572,7.4665,1823625,0
2000-06-26,7.4757,7.494,7.0531,7.2921,3097159,0
2000-06-27,7.2921,7.3746,7.0167,7.1816,3362843,0
2000-06-28,7.1816,7.2736,6.8972,7.1635,4321476,0
2000-06-29,7.1635,7.3933,7.0531,7.3473,2949945,0
2000-06-30,7.3473,7.54,7.3013,7.3013,3546641,0
2000-07-03,7.2736,7.4114,7.0626,7.4114,888513,0
2000-07-05,7.3933,7.6777,7.3839,7.4298,1592788,0
2000-07-06,7.6043,7.6684,7.4572,7.5951,3627652,0
2000-07-07,7.6596,7.8247,7.6043,7.7143,2542276,0
2000-07-10,7.6684,7.7604,7.5951,7.7143,2165966,0
2000-07-11,7.7056,7.9991,7.6684,7.9531,2802298,0
2000-07-12,8.0452,8.0452,7.9349,8.0176,3469989,0
2000-07-13,8.137,8.1829,7.8614,7.9072,4425572,0
2000-07-14,7.9627,8.137,7.88,8.0912,3514413,0
2000-07-17,8.0912,8.0912,7.5124,7.5769,7713935,0
2000-07-18,6.6676,6.8055,6.4653,6.7869,23185354,0
2000-07-19,6.7043,6.7869,6.447,6.7043,10449588,0
2000-07-20,6.7043,6.8787,6.5114,6.7225,17279806,0
2000-07-21,6.7225,6.7225,6.3644,6.5114,8352006,0
2000-07-24,6.4288,6.5297,6.2634,6.2909,7529264,0
2000-07-25,6.3921,6.3921,6.2634,6.2724,3422950,0
2000-07-26,6.2724,6.3367,6.1623,6.2634,5769663,0
2000-07-27,6.2634,6.3828,6.1807,6.3186,2895066,0
2000-07-28,6.3092,6.346,6.2451,6.328,2557520,0
2000-07-31,6.346,6.4746,6.2818,6.3367,2462135,0
2000-08-01,6.3644,6.5114,6.3003,6.4929,1820578,0
2000-08-02,6.4653,6.6127,6.3551,6.5389,2395933,0
2000-08-03,6.4195,6.6583,6.401,6.6583,3831489,0
2000-08-04,6.594,6.8329,6.4653,6.7869,5716525,0
2000-08-07,6.7869,6.888,6.75,6.7778,3017454,0
2000-08-08,6.7778,6.8236,6.6583,6.6583,2205598,0
2000-08-09,6.6948,6.7318,6.5759,6.6948,1391998,0
2000-08-10,6.6216,6.6583,6.4653,6.5389,2626336,0
2000-08-11,6.5571,6.6948,6.5389,6.6583,4402921,0
2000-08-14,6.6583,6.7594,6.594,6.7411,1897669,0
2000-08-15,6.7136,6.7136,6.5759,6.5759,1563172,0
2000-08-16,6.5759,6.7225,6.5759,6.6583,1264823,0
2000-08-17,6.6768,6.6768,6.594,6.6032,1428587,0
2000-08-18,6.5759,6.6216,6.4195,6.5022,2047931,0
2000-08-21,6.4746,6.6402,6.4564,6.5759,2296192,0
2000-08-22,6.5848,6.6216,6.5389,6.5759,1037032,0
2000-08-23,6.5663,6.594,6.4288,6.4564,1323184,0
2000-08-24,6.3921,6.401,6.3092,6.3092,3682966,0
2000-08-25,6.2724,6.3828,6.2541,6.3367,2414662,0
2000-08-28,6.3186,6.4288,6.2909,6.401,2147236,0
2000-08-29,6.401,6.4746,6.3737,6.4564,2358474,0
2000-08-30,6.401,6.4379,6.3644,6.3828,1714737,0
2000-08-31,6.3921,6.4746,6.3828,6.3921,2382431,0
2000-09-01,6.401,6.401,6.2724,6.3737,1689480,0
2000-09-05,6.346,6.346,6.2175,6.3186,6046669,0
2000-09-06,6.3092,6.3828,6.2634,6.3367,6876814,0
2000-09-07,6.346,6.346,6.1535,6.1994,3485230,0
2000-09-08,6.2267,6.2267,6.1349,6.1716,4175133,0
2000-09-11,6.1535,6.1623,6.1164,6.1256,2391575,0
2000-09-12,6.1535,6.1535,6.1256,6.1349,2381559,0
2000-09-13,6.1535,6.1994,6.1535,6.1716,2938623,0
2000-09-14,6.1899,6.3551,6.1807,6.3003,2950816,0
2000-09-15,6.2724,6.346,6.2175,6.2451,2560128,0
2000-09-18,6.2634,6.2724,6.1164,6.1164,3398987,0
2000-09-19,6.1256,6.2451,6.0797,6.2359,1943402,0
2000-09-20,6.2081,6.2724,6.1441,6.2451,1562737,0
2000-09-21,6.2451,6.4379,6.2451,6.401,3724781,0
2000-09-22,6.4746,6.7318,6.4653,6.6216,5892922,0
2000-09-25,6.6216,6.6216,6.4839,6.5114,2633739,0
2000-09-26,6.447,6.5022,6.3551,6.3828,1997843,0
2000-09-27,6.3921,6.447,6.346,6.3921,3765285,0
2000-09-28,6.3828,6.594,6.3828,6.4839,5180809,0
2000-09-29,6.5389,6.6402,6.4929,6.6216,3584972,0
2000-10-02,6.5389,6.8329,6.5022,6.8236,2862403,0
2000-10-03,6.9062,7.0167,6.7778,6.8055,4625049,0
2000-10-04,6.7961,6.9522,6.7778,6.9339,5359377,0
2000-10-05,6.9522,7.0807,6.9247,7.0807,4127658,0
2000-10-06,7.0531,7.1174,6.8605,6.9247,4231319,0
2000-10-09,6.888,6.9522,6.8512,6.9522,2951250,0
2000-10-10,6.998,7.0531,6.8329,6.888,2740451,0
2000-10-11,6.7318,6.7411,6.5297,6.6216,4524003,0
2000-10-12,6.6768,6.6768,6.2909,6.346,5288385,0
2000-10-13,6.4195,6.5206,6.3737,6.4653,2516141,0
2000-10-16,6.4929,6.7778,6.4839,6.7043,2866320,0
2000-10-17,6.7318,6.7961,6.6948,6.7318,2976949,0
2000-10-18,6.6948,6.7869,6.5759,6.7318,2308386,0
2000-10-19,6.7594,6.8787,6.7594,6.8419,2301858,0
2000-10-20,6.8512,6.9799,6.8143,6.8419,3297077,0
2000-10-23,6.8143,6.8236,6.5389,6.6127,3955619,0
2000-10-24,6.6127,6.7869,6.5663,6.7411,2761789,0
2000-10-25,6.6583,6.6948,6.5759,6.6306,3183397,0
2000-10-26,6.7318,6.888,6.6948,6.7961,3970860,0
2000-10-27,6.8972,7.1358,6.3828,6.5022,9258810,0
2000-10-30,6.5297,6.7686,6.4746,6.5206,5353281,0
2000-10-31,6.5297,6.6768,6.5297,6.6216,3090189,0
2000-11-01,6.4653,7.2736,6.3003,7.1911,16629969,0
2000-11-02,7.237,7.3839,7.0531,7.3013,10654297,0
2000-11-03,7.3013,7.3013,7.0531,7.246,2531389,0
2000-11-06,7.2828,7.3839,7.1541,7.3746,4229576,0
2000-11-07,7.3746,7.4114,7.237,7.3378,2084517,0
2000-11-08,7.2736,7.4757,7.2184,7.2646,2686876,0
2000-11-09,7.3378,7.3839,7.0626,7.329,3432529,0
2000-11-10,7.3565,7.4019,7.2555,7.2921,3073202,0
2000-11-13,7.3013,7.3195,7.1541,7.1816,4104138,0
2000-11-14,7.1358,7.3933,7.1358,7.3378,6147281,0
2000-11-15,7.3839,7.6043,7.3746,7.5676,4709548,0
2000-11-16,7.531,7.7236,7.5031,7.5676,3598907,0
2000-11-17,7.6043,7.7329,7.4391,7.5676,3128519,0
2000-11-20,7.3746,7.4114,7.2184,7.2828,4561895,0
2000-11-21,7.2828,7.3654,7.1635,7.1911,2285740,0
2000-11-22,7.1541,7.2184,6.9247,7.0626,1950367,0
2000-11-24,7.0345,7.3103,7.0167,7.2736,678144,0
2000-11-27,7.2828,7.4298,7.1911,7.3378,3555351,0
2000-11-28,7.3654,7.6596,7.3195,7.6134,3093677,0
2000-11-29,7.5676,7.7236,7.5676,7.6869,4190376,0
2000-11-30,7.6777,7.8614,7.6409,7.7056,3631571,0
2000-12-01,7.7143,7.8522,7.6502,7.7056,2617187,0
2000-12-04,7.742,7.7971,7.6502,7.7143,2508301,0
2000-12-05,7.7515,7.8704,7.7515,7.8522,2278336,0
2000-12-06,7.8614,8.0176,7.7881,7.9257,4076263,0
2000-12-07,7.9257,7.9899,7.8063,7.9531,2540967,0
2000-12-08,7.9257,7.9257,7.7692,7.8433,2880692,0
2000-12-11,7.8154,7.8614,7.7515,7.7787,2376768,0
2000-12-12,7.8433,7.8979,7.7787,7.7971,2862403,0
2000-12-13,7.7971,7.9627,7.7692,7.7971,3807532,0
2000-12-15,7.9899,7.9899,7.54,7.5584,4788814,0
2000-12-18,7.6777,9.0185,7.6777,8.431,11273207,0
2000-12-19,8.3572,8.4124,8.0176,8.0176,7639018,0
2000-12-20,7.9627,8.2931,7.7329,8.0725,8140765,0
2000-12-21,8.2747,8.3483,7.9899,8.0268,9416044,0
2000-12-22,8.1739,8.5778,8.137,8.3298,4411635,0
2000-12-26,8.3572,8.8441,8.3572,8.7064,2643322,0
2000-12-27,8.6051,9.597,8.6051,9.4231,3274426,0
2000-12-28,9.3211,9.4497,9.1376,9.3767,2260041,0
2000-12-29,9.2016,9.708,9.2016,9.4034,3234790,0
2001-01-02,9.524,9.681,9.1755,9.2945,4429490,0
2001-01-03,9.2295,9.781,9.2202,9.505,3931662,0
2001-01-04,9.56,9.653,8.4861,8.9636,6023585,0
2001-01-05,8.7064,9.0004,8.4491,8.7707,5132895,0
2001-01-08,8.8167,8.8716,8.6331,8.7064,2733915,0
2001-01-09,8.5043,8.7707,8.4124,8.6331,3634185,0
2001-01-10,8.642,8.8625,8.5227,8.7064,2582343,0
2001-01-11,8.5869,8.7616,8.1005,8.2197,3966942,0
2001-01-12,8.0452,8.5593,8.0452,8.4585,2851948,0
2001-01-16,8.4585,8.8898,8.4491,8.8349,2603687,0
2001-01-17,8.9818,9.0369,8.3572,8.4124,3687323,0
2001-01-18,8.4124,8.4124,8.1005,8.2287,2771372,0
2001-01-19,8.2197,8.3205,8.137,8.1462,2072759,0
2001-01-22,8.2012,8.5593,8.137,8.5043,2261785,0
2001-01-23,8.3851,9.1197,8.3851,8.8716,3105870,0
2001-01-24,8.9177,9.1013,8.642,9.0921,2164657,0
2001-01-25,9.1376,9.1376,8.789,8.9177,1842790,0
2001-01-26,8.789,8.9818,8.6605,8.9818,2805777,0
2001-01-29,8.9359,9.166,8.9084,9.166,4091506,0
2001-01-30,9.0461,9.0554,8.7156,8.9177,5328453,0
2001-01-31,8.8167,8.9177,8.3851,8.7616,5684730,0
2001-02-01,8.5503,8.8073,8.5136,8.5869,2290967,0
2001-02-02,8.541,9.0827,8.541,8.8349,2951250,0
2001-02-05,8.9359,9.0921,8.8441,8.9359,4356752,0
2001-02-06,9.0277,9.1013,8.5869,8.642,2395498,0
2001-02-07,8.7707,8.9359,8.4768,8.5869,2755692,0
2001-02-08,8.5686,8.6605,8.3758,8.5136,3923389,0
2001-02-09,8.3572,8.8533,8.3572,8.6147,5095875,0
2001-02-12,8.6605,8.9084,8.6331,8.8898,2011345,0
2001-02-13,8.9084,8.9359,8.697,8.7064,2599767,0
2001-02-14,8.8167,8.9084,8.7064,8.7064,3687323,0
2001-02-15,8.6605,8.7064,8.5686,8.5962,3625475,0
2001-02-16,8.6051,8.6789,8.4399,8.4949,2468236,0
2001-02-20,8.5778,8.6051,8.1552,8.3023,3047943,0
2001-02-21,8.3572,8.3572,8.1921,8.2473,2729997,0
2001-02-22,8.1829,8.4399,8.1829,8.431,2829733,0
2001-02-23,8.4768,8.5227,8.1552,8.1552,6419934,0
2001-02-26,8.2562,8.4032,8.2473,8.4032,2661614,0
2001-02-27,8.4491,8.6147,8.431,8.5319,1431636,0
2001-02-28,8.4491,8.5869,8.2655,8.5319,2827120,0
2001-03-01,8.5319,8.5319,8.339,8.4949,1773103,0
2001-03-02,8.5503,8.6605,8.4949,8.5778,2650290,0
2001-03-05,8.5778,8.688,8.5778,8.6051,8582411,0
2001-03-06,8.4861,8.6147,8.4861,8.5593,6557562,0
2001-03-07,8.5136,8.642,8.3851,8.4399,1566220,0
2001-03-08,8.4861,8.5778,8.4124,8.5319,6712618,0
2001-03-09,8.5686,8.6331,8.4399,8.5136,2452554,0
2001-03-12,8.4768,8.541,8.4217,8.5043,2529206,0
2001-03-13,8.5043,8.5319,8.3205,8.4585,2688179,0
2001-03-14,8.2473,8.6051,8.2287,8.6051,3286188,0
2001-03-15,8.5503,8.5686,8.394,8.5686,2941670,0
2001-03-16,8.5136,8.5869,8.4217,8.5043,3841939,0
2001-03-19,8.5869,8.6236,8.4124,8.5869,1974761,0
2001-03-20,8.5869,8.6511,8.4768,8.5319,2031381,0
2001-03-21,8.5319,8.5503,8.2012,8.2012,4934285,0
2001-03-22,8.1092,8.1092,7.6043,7.9441,6198675,0
2001-03-23,7.9531,8.394,7.9531,8.1921,4787512,0
2001-03-26,8.1644,8.3205,8.0816,8.1277,2276156,0
2001-03-27,8.1277,8.1277,7.7515,7.9441,3891157,0
2001-03-28,7.8891,7.9072,7.742,7.742,3605001,0
2001-03-29,7.7692,8.0725,7.7692,8.0634,4071470,0
2001-03-30,8.0634,8.4491,8.0634,8.2287,2590620,0
2001-04-02,8.2287,8.5869,8.1552,8.3758,2354119,0
2001-04-03,8.2931,8.2931,7.9441,8.0543,1631114,0
2001-04-04,8.0816,8.2655,7.7881,8.1644,3642896,0
2001-04-05,8.2103,8.3572,8.0452,8.3298,3412929,0
2001-04-06,8.3023,8.4491,8.2012,8.2655,2489574,0
2001-04-09,8.2473,8.2839,8.1552,8.2839,1564912,0
2001-04-10,6.9062,6.9247,6.5848,6.8236,24947570,0
2001-04-11,6.6402,6.6402,6.1256,6.2909,15717942,0
2001-04-12,6.2909,6.2909,6.0889,6.1899,10180425,0
2001-04-16,6.1899,6.2451,5.7491,5.8227,9369004,0
2001-04-17,5.7675,5.841,5.5103,5.7491,11172160,0
2001-04-18,5.8132,5.841,5.6756,5.7675,9569354,0
2001-04-19,5.7675,5.9327,5.6668,5.7033,7640764,0
2001-04-20,5.7582,6.0797,5.7401,5.9695,7977874,0
2001-04-23,5.8501,6.1164,5.7952,6.0705,4743078,0
2001-04-24,6.0246,6.1807,6.0155,6.1441,2100198,0
2001-04-25,6.0797,6.1164,6.0063,6.0889,2866320,0
2001-04-26,6.1256,6.328,6.0889,6.2451,2452990,0
2001-04-27,6.3003,6.4929,6.1899,6.4929,2209516,0
2001-04-30,6.4929,6.5022,6.328,6.4564,3280088,0
2001-05-01,6.3921,6.5389,6.3551,6.4929,1555330,0
2001-05-02,6.2909,6.3186,6.0246,6.2909,4671217,0
2001-05-03,6.2909,6.3092,6.0338,6.0705,5340647,0
2001-05-04,6.1164,6.1994,6.0525,6.1256,3581050,0
2001-05-07,6.1623,6.1623,5.9603,5.9603,1579287,0
2001-05-08,5.9603,5.9603,5.7306,5.7765,3690807,0
2001-05-09,5.7401,5.896,5.7033,5.8132,3627214,0
2001-05-10,5.6115,5.9327,5.4278,5.8686,7953921,0
2001-05-11,5.7306,5.896,5.547,5.7765,5885518,0
2001-05-14,5.896,5.9237,5.7765,5.9237,6576291,0
2001-05-15,5.8593,5.9237,5.7858,5.896,1944705,0
2001-05-16,5.9603,6.0246,5.9052,6.0246,3326256,0
2001-05-17,5.896,5.9419,5.6115,5.6573,3635926,0
2001-05-18,5.6756,5.8317,5.6668,5.7216,1978679,0
2001-05-21,5.7306,5.7765,5.6756,5.7216,3493939,0
2001-05-22,5.7306,5.7675,5.6573,5.7033,5704767,0
2001-05-23,5.7033,5.7033,5.4734,5.5011,5303196,0
2001-05-24,5.5011,5.547,5.446,5.5196,4825838,0
2001-05-25,5.5196,5.5196,5.4001,5.4278,6057996,0
2001-05-29,5.446,5.4829,5.3635,5.4186,3410752,0
2001-05-30,5.3817,5.3817,5.2899,5.3173,3335403,0
2001-05-31,5.3449,5.3817,5.3269,5.3449,2255688,0
2001-06-01,5.4001,5.5196,5.2716,5.4734,3501346,0
2001-06-04,5.4644,5.6115,5.4186,5.6021,3578872,0
2001-06-05,5.6021,5.7765,5.5841,5.7122,4364594,0
2001-06-06,5.7122,5.8593,5.7122,5.8317,4340637,0
2001-06-07,5.8317,6.0246,5.8227,5.9327,10646457,0
2001-06-08,5.9327,5.9603,5.896,5.9603,3377651,0
2001-06-11,5.9603,6.0155,5.9052,5.9145,3832359,0
2001-06-12,5.9052,5.9603,5.841,5.9052,3787061,0
2001-06-13,5.896,6.0525,5.896,5.9968,2252201,0
2001-06-14,5.9968,6.0705,5.9419,5.9695,3176428,0
2001-06-15,5.9603,6.0063,5.7858,5.9787,3510926,0
2001-06-18,5.9787,6.0611,5.9787,5.988,2753949,0
2001-06-19,6.043,6.043,5.9695,5.988,3990899,0
2001-06-20,5.988,6.0155,5.8869,5.9514,9443483,0
2001-06-21,5.9419,6.1074,5.9052,6.1074,6637703,0
2001-06-22,6.1074,6.1623,5.9514,5.9514,4038807,0
2001-06-25,5.9514,6.0063,5.896,5.9419,2878951,0
2001-06-26,5.9419,5.9419,5.8227,5.9327,4291424,0
2001-06-27,5.9052,5.9514,5.8869,5.9237,2863708,0
2001-06-28,5.9237,5.9237,5.8869,5.8869,1250013,0
2001-06-29,5.841,5.988,5.7858,5.9327,3214753,0
2001-07-02,5.9052,5.9052,5.6479,5.7491,7543635,0
2001-07-03,5.7491,5.7765,5.7401,5.7491,1139389,0
2001-07-05,5.7401,5.7765,5.7033,5.7675,2602815,0
2001-07-06,5.7675,5.8317,5.7306,5.7675,1885473,0
2001-07-09,5.7675,5.8869,5.7122,5.7765,3761798,0
2001-07-10,5.7765,5.8041,5.7306,5.7675,2265268,0
2001-07-11,5.7306,5.7675,5.6668,5.7033,3607182,0
2001-07-12,5.6668,5.6941,5.5841,5.6573,3625038,0
2001-07-13,5.6297,6.0889,5.6297,6.0797,3708665,0
2001-07-16,6.0155,6.1899,6.0063,6.0705,3748733,0
2001-07-17,6.0797,6.1535,6.0525,6.0889,3462144,0
2001-07-18,6.0797,6.0797,5.9419,5.9603,2916405,0
2001-07-19,5.9695,5.9787,5.7675,5.7952,2183388,0
2001-07-20,5.9052,6.0705,5.8593,5.9237,2213875,0
2001-07-23,5.9695,6.0525,5.9603,6.0155,1353236,0
2001-07-24,5.9603,6.0338,5.896,5.9603,3186008,0
2001-07-25,5.9603,5.9968,5.9237,5.9603,2461698,0
2001-07-26,5.896,5.988,5.8132,5.988,3132003,0
2001-07-27,6.1074,6.2541,6.0155,6.0246,3665543,0
2001-07-30,6.0611,6.1899,5.988,6.1349,1944705,0
2001-07-31,6.098,6.4839,6.098,6.4653,3599343,0
2001-08-01,6.4653,6.4653,6.2451,6.3367,6884657,0
2001-08-02,6.3367,6.3367,6.1441,6.1623,4072780,0
2001-08-03,6.1623,6.1899,6.0705,6.0705,2214312,0
2001-08-06,6.2081,6.2081,6.0338,6.0338,2705168,0
2001-08-07,6.0338,6.0611,5.9695,6.0338,1620662,0
2001-08-08,5.841,6.0611,5.6206,5.9514,10477468,0
2001-08-09,5.9327,6.0611,5.8132,5.9968,2785307,0
2001-08-10,5.9603,6.1164,5.9603,6.0797,3718247,0
2001-08-13,6.0611,6.1623,6.0611,6.1349,4079312,0
2001-08-14,6.1349,6.2451,6.1349,6.2081,5708249,0
2001-08-15,6.2818,6.3921,6.2359,6.3644,3285314,0
2001-08-16,6.3186,6.3921,6.2267,6.3092,4191684,0
2001-08-17,6.2634,6.2818,6.1535,6.1899,2655516,0
2001-08-20,6.1899,6.2909,6.1623,6.2359,3023987,0
2001-08-21,6.2818,6.4564,6.2541,6.4106,3729569,0
2001-08-22,6.4106,6.5759,6.3737,6.5481,3111094,0
2001-08-23,6.5481,6.888,6.5481,6.8695,3637235,0
2001-08-24,6.8787,6.9153,6.7136,6.8695,6699112,0
2001-08-27,6.8419,6.8512,6.5481,6.5848,2463005,0
2001-08-28,6.6306,6.8236,6.594,6.6859,1896800,0
2001-08-29,6.6306,6.8329,6.594,6.7043,1732597,0
2001-08-30,6.7043,6.8695,6.6859,6.8695,2292270,0
2001-08-31,6.8695,6.9429,6.7594,6.8512,3600648,0
2001-09-04,6.8143,6.888,6.7686,6.8236,2429470,0
2001-09-05,6.8143,6.8972,6.7594,6.888,3762669,0
2001-09-06,6.8695,6.8972,6.6583,6.6676,2932959,0
2001-09-07,6.5022,6.6402,6.4379,6.5481,2589749,0
2001-09-10,6.4929,6.6768,6.4746,6.6216,1959080,0
2001-09-17,6.4653,6.5297,6.1164,6.447,5245266,0
2001-09-18,6.7136,6.7136,6.4839,6.5297,6788400,0
2001-09-19,6.5389,6.5571,6.1716,6.3003,5969140,0
2001-09-20,6.1899,6.3551,6.0063,6.0155,3700388,0
2001-09-21,5.6756,5.9603,5.5103,5.7582,7750082,0
2001-09-24,5.8041,6.0797,5.7675,6.0705,5265737,0
2001-09-25,5.9052,6.2541,5.9052,6.2359,4077570,0
2001-09-26,6.2359,6.401,6.2359,6.3828,2221281,0
2001-09-27,6.4106,6.4653,6.2175,6.4106,3170765,0
2001-09-28,6.4106,6.6306,6.3644,6.6216,3202998,0
2001-10-01,6.6216,6.75,6.5481,6.7225,2400287,0
2001-10-02,6.6948,6.7318,6.6216,6.6948,1932949,0
2001-10-03,6.6859,6.6948,6.5848,6.649,3524428,0
2001-10-04,6.6768,6.8236,6.5848,6.6676,2404640,0
2001-10-05,6.6859,6.7136,6.5759,6.7043,1672491,0
2001-10-08,6.6583,6.6859,6.6216,6.6583,792254,0
2001-10-09,6.7136,6.8419,6.6127,6.8236,1453847,0
2001-10-10,6.8055,7.0442,6.7411,6.9799,3109789,0
2001-10-11,6.9614,7.1911,6.9247,7.0345,2332345,0
2001-10-12,6.9706,7.0167,6.7225,6.888,2215616,0
2001-10-15,6.8055,6.989,6.8055,6.9614,1323622,0
2001-10-16,6.9614,7.0442,6.8972,6.9614,1575366,0
2001-10-17,6.9339,6.998,6.8055,6.8512,2662482,0
2001-10-18,6.8419,6.8512,6.5759,6.6306,3189060,0
2001-10-19,6.5022,6.6859,6.5022,6.5759,3269633,0
2001-10-22,6.5663,6.649,6.5114,6.6402,3642026,0
2001-10-23,6.6402,6.6402,6.4379,6.5297,4487421,0
2001-10-24,6.5297,6.6127,6.401,6.5297,3130695,0
2001-10-25,6.5297,6.5389,6.447,6.5206,1951238,0
2001-10-26,6.4106,6.5206,6.3828,6.4746,2694278,0
2001-10-29,6.4746,6.5481,6.4288,6.447,4045341,0
2001-10-30,6.4288,6.447,6.3092,6.346,2877209,0
2001-10-31,6.3828,6.4195,6.2724,6.328,3188184,0
2001-11-01,6.328,6.3921,6.2081,6.3737,4051002,0
2001-11-02,6.4653,6.8143,6.4106,6.6768,5062337,0
2001-11-05,6.7869,7.0898,6.7594,7.0719,4571042,0
2001-11-06,7.0531,7.3746,7.0442,7.329,8771437,0
2001-11-07,7.237,7.4391,6.5481,7.1541,29404065,0
2001-11-08,7.1541,7.1541,6.8055,6.8236,9242259,0
2001-11-09,6.8236,6.8236,6.6127,6.6216,4976101,0
2001-11-12,6.6216,6.7318,6.4746,6.6676,4545345,0
2001-11-13,6.6676,6.8787,6.6216,6.8605,4238287,0
2001-11-14,6.8605,6.9339,6.7869,6.8787,1380243,0
2001-11-15,6.7778,6.998,6.7318,6.7594,3032696,0
2001-11-16,6.7869,6.8787,6.7136,6.7594,2276593,0
2001-11-19,6.7043,6.8236,6.6768,6.7686,3456917,0
2001-11-20,6.649,6.9706,6.6306,6.9339,4438199,0
2001-11-21,6.9153,7.0626,6.8419,7.0442,3660318,0
2001-11-23,7.0345,7.0442,6.8512,6.998,908548,0
2001-11-26,6.998,7.1086,6.8787,7.0345,3139843,0
2001-11-27,6.9706,7.1635,6.9614,6.998,4086718,0
2001-11-28,7.0345,7.1086,6.989,7.0531,1478241,0
2001-11-29,7.0531,7.1453,7.0531,7.1174,2216050,0
2001-11-30,7.1358,7.2277,7.1174,7.1541,2050109,0
2001-12-03,7.0898,7.1635,7.0074,7.0719,1148096,0
2001-12-04,7.0531,7.1453,6.9153,7.0993,2636352,0
2001-12-05,7.0256,7.1265,7.0074,7.1086,1742180,0
2001-12-06,7.0719,7.3378,7.0719,7.237,2321019,0
2001-12-07,7.2277,7.2277,7.1541,7.1816,2095407,0
2001-12-10,7.0993,7.1635,6.998,7.0256,1646796,0
2001-12-11,7.0256,7.0442,6.8605,7.0256,2672063,0
2001-12-12,6.989,7.2184,6.9339,7.1174,4741778,0
2001-12-13,6.9706,7.1635,6.8695,7.0531,3059265,0
2001-12-14,7.0531,7.1816,7.0531,7.1541,6256166,0
2001-12-17,7.1086,7.2277,7.0719,7.1727,1475190,0
2001-12-18,7.1541,7.4572,7.1541,7.4114,10587660,0
2001-12-19,7.4114,7.7056,7.3654,7.5584,4348481,0
2001-12-20,7.5584,7.7515,7.4849,7.7329,10632522,0
2001-12-21,7.7329,7.7329,7.4572,7.5676,4125915,0
2001-12-24,7.5951,7.6226,7.5584,7.5769,780059,0
2001-12-26,7.6777,7.7056,7.5584,7.5676,4439946,0
2001-12-27,7.5676,7.5951,7.4849,7.5584,1306634,0
2001-12-28,7.5584,7.6134,7.5031,7.6043,4190809,0
2001-12-31,7.6596,7.6961,7.54,7.5676,2765274,0
